Latitude,Longitude,Elevation (m),Slope (degrees),Aspect (degrees),Land Cover
4.122302958009461,9.257749583516933,252.79365987520765,0.466011500645791,2.9129786661725543,forest
4.123095346231946,9.246432156759282,1256.1374444881717,26.06021331623824,201.69132781873782,forest
4.125770226918596,9.224441500157003,1263.3742811367786,21.631338138451632,131.49440675754894,water
4.122073042800165,9.244766016728606,1368.909429521125,36.14702388429481,210.6114148537055,urban
4.137583518003782,9.24913662860582,325.1125028929812,7.930344865285207,218.4244389196246,water
4.163272927913089,9.215633074924407,1067.3948884943936,31.14472127900796,254.17843510741676,grassland
4.159507794353948,9.299294661825833,1038.3410458528506,28.34348342907992,204.6506516484142,forest
4.127977491617754,9.282737114431258,498.22636924207393,37.5505054760868,335.32050528251534,water
4.171140991222946,9.249930152607474,1029.3005087030215,8.728681650937535,249.3780912178416,urban
4.134059066561007,9.258705080323814,777.2148815781587,22.847582296335414,2.535632328859694,wetland
4.12279207222631,9.23330818295231,1339.7118729448698,6.21708694301376,92.1713028913747,urban
4.147660574587359,9.278732159544182,918.8603607432683,1.6410832687080679,257.12460998906386,grassland
4.166778842479286,9.236862414988023,1367.5895555867698,22.960487481337093,321.5642599867596,grassland
4.169117042832971,9.225480217461937,286.68411843494016,15.594070277460363,274.2714340927835,forest
4.142426899027185,9.228502572005931,1341.4163910129162,43.379703639239736,7.458643701631176,forest
4.136428254368504,9.21486561404954,835.3995760168161,8.260066564751297,151.12526764141478,forest
4.126106618495452,9.280023692981917,950.6305382734544,44.391214011436155,104.74598924320259,forest
4.140485653392983,9.264136189266079,926.8309260954874,18.478923455951577,268.86436209169926,grassland
4.168905066956151,9.286794499781372,802.4812149349211,37.60505562500288,304.74132660500356,forest
4.128287560843268,9.26276147178747,681.797942708657,15.30585848859372,53.635549263895584,urban
4.141736520029069,9.240027235862797,741.4743070017183,8.348689218471518,208.67491494929405,forest
4.141006085857847,9.230391871306134,1379.72987104711,19.149497206842906,228.6536353783379,wetland
4.14771467748889,9.272517800828798,1041.7644983526961,6.413400322266383,183.35695975252446,urban
4.152320426989235,9.280040819671196,415.25345690638534,36.61193210380624,54.04285100148616,wetland
4.150289024386744,9.230487336813733,446.630625253158,7.821638659984121,30.96996875383404,wetland
4.131657553847851,9.22931391703687,1190.9108985556504,18.90222226248379,173.36104998022202,grassland
4.170577663754995,9.272619503645423,1323.0015954378682,6.6660581738547435,130.32020466988212,forest
4.167333946165845,9.221985671901646,1085.507425280507,10.07770749338646,294.851453921825,forest
4.122755186937237,9.264900236456112,1260.096322626938,5.390878118591051,166.61745249893866,urban
4.152998022389074,9.23098707168109,1009.1656982584697,7.695511233301485,352.7055286395854,forest
4.146815490942867,9.293428952922627,815.4528587382878,2.3529516585782515,308.8326474464153,grassland
4.1433180757227674,9.273299441416627,405.96118425903904,15.196792853475005,220.90038853569047,urban
4.168693641650267,9.252529561395422,781.5348767028873,4.74472457176054,256.73559359341414,grassland
4.161569950470914,9.22581599685166,757.1992091540303,30.0715128896295,248.95081657489504,urban
4.173036167028944,9.231839406394249,1173.9220658050551,12.592779369877428,286.6206274993218,forest
4.129978588965014,9.242592219615178,1306.492501436425,21.193284357990926,33.754749302820855,water
4.121356556787555,9.251020556063622,481.6557700227682,35.783683450045174,153.46409905408515,urban
4.165244703807173,9.216148399169889,468.3156768105947,13.61414637421434,78.04442482212669,wetland
4.142242360058291,9.24249512761376,908.5756210135892,35.53073242075107,113.01950693603871,urban
4.122749882022129,9.244274879703827,312.1244058395964,25.224959782999047,69.80570138898776,forest
4.1327788276393225,9.260643603224192,1144.0333964612903,23.763281597330774,166.07286583318188,urban
4.1274387281406675,9.27356935364683,1095.4521601193708,7.539229648649066,169.3004088156849,grassland
4.14980310923983,9.26060689607807,343.5299226388019,28.02083232419735,171.31850788411668,wetland
4.166004081496496,9.241831750169341,1311.263674267085,6.475297141764407,255.341663682502,urban
4.146868584862175,9.28054014103107,961.8237060723568,22.958001965545595,132.49689747070317,forest
4.162234533438361,9.262380672248112,741.3065805905919,34.755949133020735,225.46373648434226,wetland
4.135260278160941,9.248391472765952,1363.9447737542805,40.81827158275766,200.1811338782452,urban
4.1477616937395405,9.259218609345904,836.2286939833746,28.212049816361315,171.98490471059816,urban
4.156591322298521,9.269927631108795,1013.9701608460858,1.7849212591116237,174.143886616773,forest
4.148868864280341,9.284756695338338,1358.9575704321567,6.799399649985787,120.28203367071495,water
4.134816980143414,9.265559007107331,851.3401107374568,9.433665583211308,323.1114264473902,wetland
4.142969513002098,9.293906539219657,914.2334483365524,12.949583470850804,81.7806224353084,grassland
4.13085051474878,9.299735149957105,873.4635314148412,22.929398651240803,21.635188567587434,urban
4.167303141335257,9.24336174014845,644.947618796388,42.79704870209208,30.695341306445314,grassland
4.16739675506212,9.294690286161547,435.06701429034405,30.833008025393784,189.02396392423938,grassland
4.160224488470311,9.236396200089011,1325.7743044850122,19.661946677114162,119.73008922987441,urban
4.149086237565264,9.290748185590315,1498.1526230059433,21.75597226662204,201.40122080669713,water
4.143430439447952,9.215325919938559,657.5205989466948,28.540967219852625,135.77598041043655,wetland
4.153616169097585,9.275152821745118,725.1109590492852,31.15333546018362,102.9354953020105,wetland
4.14130161937186,9.217846635851823,325.06756111779254,29.253274716238018,21.55051843332888,grassland
4.165666901634686,9.261528126363935,952.5064972552959,44.12202769447853,200.66164070122161,water
4.131202041161452,9.249851493284371,332.47849960025655,28.306665760755802,1.3180897025573834,wetland
4.135740440205831,9.283242142661594,1127.3899198636223,25.63963300342776,272.1575557294101,water
4.130940227830361,9.237570500737089,385.9568815734949,44.889200247590765,161.6580854879193,grassland
4.1258745660647165,9.255850769820938,1299.5637478801027,4.0794153684328975,223.52209705693073,forest
4.153021120558428,9.254941498132714,880.8336431530928,17.679232643023905,282.77325510100985,water
4.125513571506565,9.26681675545936,476.25950649748165,38.194032665756374,288.16629720773426,grassland
4.151588367021935,9.267147422155555,445.6450784665579,38.455534296598614,140.34957614372416,forest
4.13373919639733,9.227279600354859,987.5147593075767,7.980791889887414,13.370111990681828,grassland
4.14169163164408,9.232831298110922,852.5932818948813,2.4028532001214717,17.31112633726255,forest
4.132094359449472,9.280924599596448,495.6887971591911,7.787021016051799,328.19875370409517,urban
4.171981251337679,9.232658612684803,457.5360442362479,28.010772544680645,272.5699158815921,wetland
4.16924528712019,9.234681803538475,950.6385271176965,42.33390455497574,47.338242648332916,urban
4.124108146531737,9.27409329661981,675.6322058695262,15.503256770967603,123.46265786105494,urban
4.162449771984608,9.232532830835861,507.33400740614206,42.96531416077362,54.91252349741308,grassland
4.133773558895929,9.300092716850752,1032.5220232675397,40.404496884223505,110.66255830182216,forest
4.1551245276438005,9.29217603521672,1390.1951760131235,44.206611877697995,344.46619987422065,wetland
4.173897266312225,9.2313114042705,935.7118150340806,9.179217739904848,218.62640445555564,grassland
4.154073223160109,9.282971104700874,735.7131652523622,12.46345431243582,333.74328826505825,wetland
4.1615962261286015,9.214828736829533,1345.1516410582663,5.875663691417413,193.07986323610692,water
4.167866865153936,9.245211825671085,419.8031690341883,16.22503268473589,232.4798407735339,forest
4.13240663567013,9.242081837089394,350.11348460578495,30.757452805567258,215.28383866878045,water
4.171780799167235,9.229129825309386,779.4080286212046,44.63621332787707,250.66615907124273,grassland
4.169068277199686,9.283768721874655,473.458389817581,1.7095151804403579,111.11607925127367,urban
4.141375455827304,9.221254164812896,1329.4495826318234,19.943055941284786,326.7988684229424,wetland
4.165649276785119,9.297551567975427,1119.1088809106277,8.386683425508972,226.02807397151557,wetland
4.171010159280311,9.22017636945251,713.8562855574987,43.431354682828,209.30440604193683,urban
4.134661157974579,9.252426662315775,1461.5668511768301,27.62380890146159,224.82739638632654,forest
4.16990396888809,9.234937510069942,306.65641454498103,27.22435507978993,131.82477175868067,urban
4.143361710745462,9.273812338639688,1471.0704112835704,3.777763238084502,350.48446231547746,forest
4.134410164461921,9.246707560535395,240.81515370558813,10.555674079490704,136.3778223382062,forest
4.14234064778694,9.272411272184877,753.0691671997512,40.81002384359568,101.66196001320446,wetland
4.126807963141155,9.282369941987893,517.0655380446171,18.915189782599292,174.35626104892847,forest
4.127090654135594,9.227099493560141,1366.4231744906972,32.53855038580019,267.178887107247,urban
4.14503787134849,9.298002342692623,268.17933333022324,39.45132331157278,21.499953573215986,water
4.166290296467618,9.284772998234,341.1194822341784,43.793351746575304,188.11233383824032,wetland
4.141267117292245,9.26704875013012,1373.2656088721685,0.28315485352039205,257.3683633574569,water
4.130987678575892,9.276346439337697,836.1074899681339,31.124343731095554,66.9718267962057,grassland
4.144652984409019,9.272135180222312,286.7712609458497,14.700151648524507,196.9649818176628,forest
4.168972534934264,9.216541055079205,872.0872082317142,29.279852740765538,162.88235966145842,wetland
4.175179960653728,9.282737827151568,1259.5120498136012,19.074343619429172,64.70799648049037,water
4.14148081468605,9.269807309039392,430.4984175258884,42.60990207008206,110.40589639322484,forest
4.145646191785555,9.232866384049375,788.1159113215169,25.344612875477164,110.2972198425611,water
4.122760316345072,9.222467008564967,1214.734765129715,38.302614787323954,86.26240611325599,forest
4.14635806660096,9.22071223624983,914.2362258713462,6.784624996262653,153.48814833049946,forest
4.175215761765703,9.252584308094093,1457.3610558626804,23.185100182311533,12.770542635522041,forest
4.164655607861595,9.219718540651632,967.1251397350698,5.405941821659114,48.40419081936818,forest
4.148426244830175,9.223210370226633,290.62144418007955,24.052129356828235,73.57292810811121,wetland
4.153534916549981,9.298019795116293,529.1574734048386,33.67961451243004,343.78159672539766,urban
4.156040120355389,9.234462005878772,833.0134712428879,27.18565588501584,264.9176352986664,grassland
4.127818625205087,9.236549390802098,783.9653680408234,7.735602810968626,90.19182494790336,urban
4.1317486451497984,9.261310343269898,989.8739491758749,43.5755066427441,37.88976760275258,wetland
4.136743878860187,9.29138446733336,559.3141031924142,42.683465474240265,232.73941265773095,wetland
4.123191365841864,9.249420667082099,572.1655359293002,17.323910689094998,149.95006309606248,forest
4.138335224179154,9.275633781846109,676.558213788133,44.28294250678611,297.8882216152053,wetland
4.149866094255775,9.256110201812499,1086.2976126235721,32.47363129924229,218.2514951562874,water
4.156780447918919,9.235788107296793,1106.9462205586212,20.753018566979698,345.7844542320764,water
4.169083828851478,9.242864223953775,623.5921279556821,25.68864069926164,57.913900974615814,urban
4.132133841131968,9.251579598611093,403.1350460750598,11.787657360121807,139.34782719929737,forest
4.158191306175422,9.233591168155748,1192.727189898538,33.05484919089393,42.05154294241565,water
4.171152756907661,9.21802132139954,598.6289046571824,2.9774110437065455,169.34849419948333,wetland
4.164377498974647,9.282983706827428,1291.7460203676515,33.81440404327992,312.60168194108655,forest
4.138782310935381,9.234036615774448,623.0620619528431,37.27355409245382,125.28028202630938,urban
4.175772764176984,9.239916558276768,1316.127188090235,12.13337978120181,330.42794571180167,grassland
4.16939628635178,9.275541986852193,1154.416116466993,21.646093005186447,192.02036099185653,urban
4.149239330678703,9.221671189371223,460.4063389796262,5.65983458165263,262.8009951601227,water
4.157921163774798,9.251134906503468,1417.1324288238666,3.5218370559177146,200.04093154562443,forest
4.1559244841895975,9.267824287652099,1272.5366986482538,15.86061664552893,211.58371796624593,forest
4.159470862352008,9.231343474905199,498.7802379857112,39.19137440184388,181.15061041295664,grassland
4.154996623644786,9.287626310393083,1063.344201396737,32.25309449293529,142.7753181400104,water
4.160749714030894,9.238287334070057,262.53323370730607,31.636881886576013,264.23689418962346,wetland
4.159709820376246,9.291460520541056,989.8979115468442,20.816593700768145,228.4570542853961,grassland
4.1279097145377595,9.282357399426486,937.270915379796,6.604265100281386,34.222886973345744,forest
4.152472285205275,9.221198683905076,693.7226617708075,44.85141168355217,333.24709031085325,grassland
4.1459830600344585,9.286476227667025,594.4328945773179,6.241055894588821,220.8337623455706,water
4.129079416674063,9.22238310476341,691.7705131202435,29.742711390960885,212.01585740084056,grassland
4.163643961717869,9.274088277920976,869.8515180502848,12.644518975578007,230.03708999017982,wetland
4.16969329709472,9.277236768561249,359.7555785972048,40.86585715435183,171.99781285511392,grassland
4.124296158953137,9.243790742824082,837.2934207205868,19.766513266460542,26.041289924251064,wetland
4.127908352633513,9.26330211964267,250.59121124779875,21.564586391928348,84.82654918401822,urban
4.123246028214972,9.238397316558787,914.5590692516843,13.861242068790617,173.5408254700391,forest
4.134296059929828,9.238146808534973,1246.679139952588,30.472585773952403,136.6462311051299,urban
4.162267009636787,9.250405431940758,858.5476213093771,35.27384367819137,131.91887404464015,forest
4.1224214874507545,9.295023131942976,699.7115221868235,34.99731391886136,251.73172490258045,water
4.135173741367381,9.279487189690734,517.3838513442656,37.902163752781924,12.86937747347693,urban
4.132944554338251,9.253207424562298,552.2783397669808,24.828560497856202,258.40517439761175,water
4.127974242771095,9.254220709864082,947.140732621234,11.424450138173857,214.1406987520162,wetland
4.166704974581269,9.243600855072607,1068.7794293013453,27.71385703272659,350.0260916926138,forest
4.125951912353407,9.24422806978768,249.82081469429943,21.212860970149414,353.8703520396079,forest
4.131277051240286,9.22562106389161,672.7360932140309,27.25043706373714,241.02860675629688,water
4.150882704407955,9.25545205857194,1041.6133153371884,9.824785976571603,312.5754351972852,forest
4.1667366042606675,9.227677359481152,640.7175562738377,5.7123863229338685,89.04242844475192,wetland
4.133667957049279,9.258014804169324,323.9796254085192,16.212354325080078,250.77062761295664,urban
4.131411666235089,9.298126518885544,1420.9261357289215,38.023107325682545,93.60181113945805,urban
4.132050123939235,9.228397531433444,774.3738644007499,11.136117914736747,242.1089450541857,water
4.12312519189137,9.236621906611065,465.2904252690221,35.64479611018835,342.57762058597376,grassland
4.170725070252361,9.289177612164004,760.011278147567,19.27866056229507,286.1919202133577,urban
4.14253965012416,9.261169321542994,399.5471906448796,20.400464113674857,357.6072555112141,grassland
4.152516476399394,9.28888332295336,356.8613706187897,0.385428344333722,86.04652353514803,urban
4.170248148189958,9.264608637876496,294.1350000207451,40.72006474966727,78.38288663693913,water
4.141415598371648,9.270861908331982,1418.1407478537608,3.8582500258913806,319.46627860225914,urban
4.165689514507551,9.258980284534537,1341.7425476200697,44.81931524330879,214.4392929183641,urban
4.123098237686477,9.262232763841991,1121.7536184900114,36.41237978273518,155.58892949623237,urban
4.143786020165118,9.290904159502656,555.7848370562075,0.9787030490425003,231.28172731752278,forest
4.138271718086201,9.225734374145896,255.6676019351205,11.757376033440725,63.39726714257488,forest
4.128755704340799,9.275302498868157,1489.896132171028,9.29174792430412,291.5687838036834,forest
4.128437316089146,9.291952795189847,587.3838331814776,6.681588943498708,215.76734050405534,grassland
4.151973181382685,9.262476496291365,1436.934058287221,6.451262635740251,346.70712948044076,forest
4.171125846733871,9.27321136787281,435.2874124978979,0.34677563164058844,222.3002651577073,wetland
4.139666603756692,9.214566715694025,1263.2977330726187,43.56931728203518,306.4355596053894,grassland
4.140872804173483,9.24515846586252,749.5788526078884,44.70129240073588,110.24767124139673,forest
4.139630385356144,9.282202010099132,913.2037828231674,42.56635396272721,109.77471525167905,urban
4.151136834044929,9.278222288705841,1184.8189721419453,31.080172443433685,31.54594397416102,water
4.134736886098325,9.248695665336934,1477.085520341266,33.02106457747331,300.03142547574845,urban
4.144882852116994,9.295498262117725,756.445613479301,34.62002780516802,275.2594136135634,water
4.160025759020581,9.26246047672911,1310.0464781795058,38.55291617287612,209.35807975392558,water
4.139088822368924,9.229756483211101,1268.7914993762906,41.17657130810475,132.42740605636175,wetland
4.1473212401658115,9.270765415887663,306.65631591383345,1.3214791219285775,206.90881412101294,water
4.133288624554987,9.237214862097542,574.9088890994382,23.106119179156288,202.53240181649156,forest
4.166395367028427,9.245582206108738,1207.8738668837882,10.637637476917279,270.25666295301744,grassland
4.1436841034488365,9.276289317439609,652.6836276645685,19.913867875413175,357.47040896353064,wetland
4.167259551123636,9.284936732861743,402.2211693776866,2.0349758031480603,244.67264325497027,forest
4.1396097438060115,9.222259452108814,612.4692019788513,19.36589246280037,345.39074579809665,grassland
4.1555215402672925,9.255988876200867,257.68728450257606,0.9452006305231059,152.62945656621838,wetland
4.127400093252125,9.247966895903533,1412.083338936664,41.87700759970399,75.85049187168102,wetland
4.126208782007437,9.216212704541297,597.9935613958885,26.1254639528502,29.943690782908835,wetland
4.163264650270558,9.219270460709426,772.9062167939476,38.88717625775164,302.2582549668479,grassland
4.166294125040915,9.228465768390814,1318.964110220175,44.37852069642001,114.1277335356676,urban
4.122459222271621,9.222090425240435,1099.5314939553136,19.574392630482368,142.19878676106148,wetland
4.160633177774092,9.253304292108924,1125.3789220245244,17.303052229899027,298.317598703095,urban
4.153979865714223,9.27473706798987,1264.2492854758507,13.059567593356626,159.28225584758596,water
4.157828684417607,9.260004792236364,334.06870552313467,9.606527056256775,160.0393992528298,forest
4.159944306950725,9.231662958813606,562.8829067307357,13.739028758751823,48.28790849711353,grassland
4.165860528021592,9.286196054276274,573.078721697184,15.401019511436843,208.16225619954346,wetland
4.155681041302839,9.258132683199504,1185.633947439204,27.18901120864377,83.65642416044257,water
4.1438998065083315,9.223647177551749,316.442162287432,5.3994683253535305,158.87108430530463,water
4.133643434929172,9.268809645534503,741.3162444315876,17.79102526026357,249.35653511093602,grassland
4.17212532722798,9.288848023064334,1286.7464881804992,34.8050216453085,153.26947791002098,urban
4.134505662533405,9.285700572942941,835.7884995440394,16.751861609516805,186.2897245178836,wetland
4.13739464732997,9.224560328633705,972.9072291518638,27.502769889793694,323.9937064143408,forest
4.1561573734046995,9.270610005990681,1287.4723882213273,39.877314113024525,53.91610570763139,water
4.1665194578238225,9.237205015703584,1250.235457641709,14.378819960960108,45.45546935197015,urban
4.146625409995433,9.23775044648715,699.2168676397272,13.276986385187048,318.31015426790844,forest
4.172757522476865,9.217575111116057,1497.3179192184875,28.825413747590332,103.29086446268194,urban
4.124971225481837,9.215568309035191,1280.422951411629,31.578672838898232,293.4207807617648,water
4.134721466818477,9.220485402203217,512.6102500198722,32.41659731476694,127.05081229116524,wetland
4.145334349249963,9.288622888345873,1105.6233114457834,34.26739062174908,110.66343282724112,grassland
4.150946150018439,9.223460964201385,352.83661110188757,9.520722708437797,165.87956471462005,water
4.158325302495551,9.271297415489084,705.8038535859605,36.011522199049864,159.49287344948755,forest
4.159328857774765,9.21584713005565,1391.3585479432084,40.47638377924309,173.60450689215435,wetland
4.129110106006076,9.221829979994514,1016.5557278255745,13.128087980538247,194.2284068147777,forest
4.175720988844072,9.258007858388533,506.9568320522433,30.353500003279382,189.34789937662322,urban
4.139425479362257,9.22622574020101,1323.8772148919259,2.581286415362494,38.229378513341956,urban
4.15917934479444,9.227076689401732,393.57315164589545,2.175437985916695,37.18162587214185,grassland
4.171840982304827,9.22441378136488,1244.3729242619802,17.889789333835527,279.261511797471,urban
4.13870242032064,9.260605776958284,1339.7320494876128,25.556198118866323,60.38308684035896,wetland
4.133923425316796,9.263936295966069,488.82747044624307,32.958856635487926,212.25361177209786,forest
4.162273205353503,9.217047749451872,700.0045170210653,41.39845805275743,13.528651536742053,grassland
4.147035304650133,9.2590947821112,1385.9242066937666,42.724561249550455,33.347473372415024,water
4.129651019087356,9.22459731870364,249.14735028859883,37.34232974630102,312.40680208421014,urban
4.148935507824748,9.266273284226456,1230.0467209171939,7.999173826901997,59.36289085694226,water
4.131074088336481,9.245866995761503,289.94817422479144,31.54702832442113,249.10586514120467,grassland
4.126075062487441,9.266865553471849,1361.4152401943886,31.825851376730714,211.23908413261793,wetland
4.154284772526139,9.241781134876772,566.5708383687622,9.107920966568097,292.9287803259914,grassland
4.159274980842157,9.254195083551473,1153.4652943558635,30.34029288857249,289.6266537036885,wetland
4.145725984051705,9.278576666977068,766.8077089030656,19.40908478148429,29.25100403348193,grassland
4.157757709187246,9.227883511113067,1271.2592882787687,28.85283953238554,237.29317726445143,water
4.155188796173977,9.234636616187041,207.84422391044146,14.114632006381886,4.0601015031122945,water
4.16852681579667,9.299368683664358,910.5634140038871,22.322573191578915,135.2305361941969,wetland
4.153172582654758,9.260893460970761,810.1129207765304,2.3158798493959636,152.62997819064495,wetland
4.141053420295773,9.221879638429488,996.9702988807253,4.9042890161317345,300.4358895989332,wetland
4.139935618255536,9.22235838380101,1053.0187776868097,11.724574513689795,128.54562311219135,water
4.155578329808987,9.27401383987973,485.23816285920145,1.7138285620578753,29.488586245571145,water
4.123425441540246,9.222535252238893,359.92852634568436,41.9873628671291,257.2602913680273,grassland
4.15258856895223,9.263725628761724,1062.0580714001435,23.068184742255372,271.3645104077522,water
4.157135018652869,9.290542382431513,469.8812067320676,9.61352430391721,128.7946148252593,water
4.15635019232911,9.266681072780633,1377.7825131441584,34.78833005755358,10.939610838785034,forest
4.131065896375913,9.24052089294299,451.3801959501652,39.78512436366855,11.611971062554574,wetland
4.147310470235885,9.225526335994587,1027.2031795771852,24.51973849653135,215.7618767395254,forest
4.124580346261173,9.242414736797754,1384.591743121197,16.302301628941283,330.03842647746774,grassland
4.1441950022129275,9.233833297210218,255.97873858425618,35.86803643640575,74.16797766473545,water
4.137552692552782,9.27607682223331,1173.3894105698691,38.556502745834926,171.16420060450983,grassland
4.165451485442125,9.25716602524739,831.5775107303848,34.7672552451537,304.0327335185153,urban
4.135133054386668,9.275469083994187,1113.9616044051534,5.389101712839154,3.3612944728402283,water
4.140665718822772,9.286768435785081,516.9882776705908,0.27707915815573136,351.897289643512,grassland
4.1600296184421826,9.279723002731354,803.4686589286312,14.60239730171834,249.76974246032057,forest
4.133191411592021,9.259451432062916,1396.9523654327752,32.20402778855737,359.4001077372777,grassland
4.132173924452913,9.224135750779125,805.5824102522325,18.80778199274551,284.093351567741,wetland
4.13476982185752,9.252646698179445,896.8098327522048,28.553464908083424,82.58645443483567,forest
4.17377301619158,9.283708174148977,877.0152050775692,43.06662006896528,295.006199323438,water
4.1725834652531715,9.298798221149074,345.23185446126195,8.480034951087328,269.8854765643433,water
4.162124497673869,9.230523935047666,1369.0691015982488,9.50719695918385,359.84160599187317,wetland
4.164401538446425,9.282854685268884,1133.3897167417836,1.722071845706804,106.11447572897127,forest
4.160588697492813,9.22293611709798,276.89772087135316,8.708301594097485,54.141808950909194,water
4.132379150716943,9.240524141422416,1044.41010645792,19.45350446889647,162.58382030427197,grassland
4.1306507509143096,9.244662606802954,1038.8527875553846,41.557057405369086,214.172434545254,wetland
4.124380448027624,9.259455036683272,669.9702920359755,21.96464807515706,84.5623287582311,wetland
4.137096316613807,9.276331348410032,1207.5839382414208,24.928583583378167,256.35523402000786,grassland
4.172214321062437,9.250312293486264,1181.8600446382907,0.5266308218793464,22.2307365003929,urban
4.129727541465049,9.241929750527039,936.4656832247385,41.902067851869084,191.70801543172985,urban
4.14414365967287,9.284474480766782,366.0906576721891,5.464449911298576,173.65356091980556,urban
4.125025331375856,9.292060777767514,1389.0702749549052,41.2652335613571,123.22375712014673,forest
4.152408437974861,9.254103364005042,813.895576170237,39.63676380474963,192.76057372652002,water
4.150402580781595,9.294317064157747,293.4445762336502,22.941643655658464,15.714936861573626,forest
4.145561870389667,9.247933039698765,702.3776040208588,5.047991616464231,56.22564438812246,wetland
4.132720063679115,9.23518326229303,1000.442191977046,12.164416933160698,319.8940331497544,wetland
4.126664731056446,9.235196277284006,749.9700094696161,23.91270031929236,111.9329190749808,water
4.169432912763186,9.2754748647803,1208.444704726802,5.785623357680308,192.81773693518215,forest
4.174480851663226,9.22054678458524,1200.7228441383036,18.48390630853966,46.173008498361426,forest
4.1517845820039705,9.250638920819036,1210.8095825972089,17.725863597224585,3.132027281127532,urban
4.166342269350789,9.291437437165317,853.3950696190395,28.21537773696747,126.07965347554287,urban
4.168959775790749,9.218539831792338,1159.1524438452873,26.95455930558127,358.19430850352825,water
4.1281344207639075,9.21927472681557,1342.6483686510642,19.278343831564516,271.3314740949582,grassland
4.153492284781434,9.298782091839536,1443.7570926517544,0.944844917354955,297.3141591263984,urban
4.121496106118646,9.275318994129112,317.1266573102987,8.733427899385951,73.03326784092987,grassland
4.1300241120809895,9.221055786621143,1415.0527946127463,16.91690857634688,317.0588565493378,water
4.16298131199903,9.27680551427582,630.449339782693,2.3724974913423837,315.86562292630924,grassland
4.123851204702515,9.247198594506393,758.4084459661409,38.096067291184795,355.3262749989723,water
4.174474615179194,9.245190143243006,1265.6460260413312,21.525173484969333,188.45385626809266,water
4.151114637957715,9.278148017159289,1016.8682253141161,33.17714881406988,350.0179018248282,forest
4.1553944595269465,9.236485280575677,1203.9231158365337,25.862454629595003,94.67039898252855,water
4.160464014427535,9.250399379653864,593.0071159160957,9.162979438896057,330.400774518171,forest
4.133946152488468,9.236264345192476,1431.8804832224987,7.876969143947102,315.9582874844743,forest
4.145415831171993,9.276609025061763,423.5069130029467,40.20883008800295,225.47509769854457,grassland
4.15487500260011,9.284115991354406,293.45192900372865,34.64857805952984,38.2728062245594,forest
4.15779416980493,9.23639723917029,1208.7137207282212,42.93179581290372,34.74247999195824,water
4.144781303628275,9.21861596995248,821.1828222935953,16.089923531805947,5.747763812434741,forest
4.157497381377968,9.270015461347656,228.62629646175395,42.79573710906208,223.12520682618316,urban
4.133112162283738,9.26890591237263,721.2919315159771,23.128600944258373,54.679497973626674,water
4.16846332721159,9.278930433474606,677.7197337137031,36.355381877087005,226.49299192096518,grassland
4.1347053132584435,9.257434111915998,952.3113436604448,11.071380027518295,161.0179587826046,forest
4.128606011834891,9.27479194428736,688.2000801812327,36.670444432302794,33.78900980278552,forest
4.1242377243819694,9.214754859627668,1157.9237108141597,22.07496938735343,104.4847425401267,forest
4.152010502842599,9.283572918255633,1170.682420508068,12.30298299004467,231.70234988038698,grassland
4.128717030914161,9.248744084605539,491.92931616730664,26.241098360424044,169.45040730051727,forest
4.136486401284215,9.216944213260684,441.9053881175473,15.376747806555262,43.31792721685466,water
4.1306153213469035,9.23575268465093,212.53402159856944,29.723352110589953,212.07798458309648,grassland
4.1696833850785024,9.243655518742068,1172.9172132542203,8.195769243575837,14.774509017428032,water
4.175167790846975,9.27551317355352,693.6679812482854,8.843452838110423,259.61090021247054,water
4.134705418684128,9.271976157098551,941.7827750928478,2.5013862920160173,76.98420282728999,wetland
4.127082650932252,9.298415944806987,1010.9128995625374,10.185255417596796,314.70895813309073,water
4.135733647584348,9.299637844034203,1237.660988741017,12.966299154145096,269.19053500212055,forest
4.122490564292586,9.29653284110201,1402.1963640817246,5.409210935980012,336.2759552230009,urban
4.136801100148383,9.236090579831647,1346.0627703815408,3.740586518922371,354.69546391622754,forest
4.142255067411509,9.263503303550424,1398.282213527751,33.39152708849075,159.90580620721073,grassland
4.140512666876162,9.24320427719931,838.2413789309368,15.62203015119358,60.13716292118315,grassland
4.157920359316999,9.29576768745827,936.0969919996398,12.289177502927114,250.24440435819005,urban
4.154477917234262,9.237519789881393,825.4021306233832,33.141375084298794,328.5996525593868,water
4.124429651438326,9.278888999321955,276.80645822670965,6.97859765158101,153.3051028242574,water
4.146263164604381,9.233341842848013,624.7937180935644,8.539822438257872,328.6259792708656,forest
4.161204127429106,9.268621160531406,1163.2118429682826,15.244064273058342,291.0694499357787,grassland
4.158807212790565,9.26286194002311,494.52631315534916,12.78733222062979,116.45111695517924,urban
4.135370568936801,9.27855936605109,1468.109297542617,18.11052262383631,14.914118665826589,grassland
4.166373057634151,9.25829861600207,419.97846495709746,15.903613934197502,13.4188496010815,forest
4.173541372007619,9.2592378301921,960.3394705073434,36.843116606011286,100.04839579834034,grassland
4.14440249735059,9.292208825579191,1395.4443463123334,22.502588819439136,159.1089743965619,urban
4.133224528289925,9.24756642421232,962.9391124256341,38.9020480534336,279.08681013989764,grassland
4.161809826062731,9.245750109720388,624.1594040572261,23.200825592539143,10.759227011143944,forest
4.133791853106689,9.277078964223882,496.4446095195826,42.55021798713445,355.87712572724257,urban
4.144497321512963,9.26246922786803,1242.1775911765492,8.950500172987088,304.29646170193377,grassland
4.145314245392764,9.27912821468276,222.4365823146867,29.27177530771732,71.9505137632552,wetland
4.121405194524363,9.231960840986035,902.193029916735,41.63862606437296,339.8260586822487,wetland
4.13678046362635,9.27149062685126,760.2016574151833,36.84355853069498,102.8281202426957,forest
4.147586630446298,9.289575095976508,368.49154680099093,5.728070973142833,313.44757658265553,urban
4.154915156817783,9.284134213705954,864.0303686491962,3.5103087300804887,40.50718819171795,forest
4.171127248837681,9.217810809927936,698.7960893434886,39.63686976132262,276.3313256462008,grassland
4.133001755439127,9.290991069993323,490.61063108436576,3.367219379779358,139.6979766061042,water
4.160068862731487,9.23815542463275,1444.1081689085559,22.58030900471246,118.23280305128502,water
4.172537199394508,9.226450888118535,489.8092779246812,0.05473825867472193,146.07627862381457,wetland
4.136385559232662,9.275615689609406,238.13619624701448,26.21386620178233,241.2249014569148,grassland
4.171523272544531,9.258496430811856,1369.9357009538658,44.01637163507746,344.0363873169985,grassland
4.170091464436129,9.222344458710552,311.35070655836495,40.10392285989002,126.67463742412545,urban
4.172270287172343,9.252545108910109,497.26299654971024,38.767743758579165,210.5780293202971,wetland
4.13088140607846,9.233067297975513,284.8402885926305,9.084776838341059,173.69610559973586,forest
4.137951981548113,9.229508073811298,1357.3245010433877,2.951044330889772,302.3757403529708,wetland
4.17439456482633,9.224766542741358,1494.7937909660238,35.04664893704031,347.5529144735132,forest
4.124521681220761,9.26500610704736,402.69048149539174,16.762856482401396,84.6416268010469,forest
4.121232441833209,9.240599029453465,512.754276609568,7.608273834015969,348.97030670857043,grassland
4.140194767913502,9.23920194901726,958.0693400803954,1.7213769848768141,137.7628806335616,wetland
4.165864860388502,9.26805559391035,1444.8867510818197,31.37378787516548,93.02151354767143,water
4.149422436873053,9.272292362631944,930.6862510143588,30.044179732277634,89.19901481424989,urban
4.122297824705275,9.253975731235938,772.1301868646508,22.66568305461891,303.53172278374194,forest
4.170866713370191,9.237915876005793,216.00358957809527,30.46467936583508,326.0192455235135,urban
4.170905070614224,9.230202021330012,1014.3092962035784,8.556629768634524,102.68927842037951,forest
4.1582794923170345,9.218013561188805,1186.4354825441628,8.377113577013873,309.51688120889224,water
4.159456325573555,9.225378688491938,1322.6316654591728,25.060473303018398,221.65685868654037,urban
4.174811292934453,9.24622509039305,842.0876494853085,3.904725459435256,60.986480082561236,wetland
4.157267269903566,9.271368230946592,363.1049516552199,0.822717109278463,199.55082429603493,forest
4.1278962417553124,9.216712590868473,220.24832180806513,23.41396294073403,200.22352760961854,wetland
4.165308947654338,9.2427344554621,955.9897544434714,21.20301380528017,287.79100628716526,water
4.151995438284785,9.293694992551817,1438.8402113603113,10.586413364427694,184.20979817712575,grassland
4.139896793793538,9.236099422368492,1240.6284958350714,30.885657128739123,141.8844592759361,water
4.175041083214702,9.268284938311812,1059.3694892761034,26.478492870254765,258.31510621011194,water
4.126199094257163,9.250509348700387,576.4549192694494,43.14080163405791,28.285229652439234,wetland
4.169465795760498,9.252830036327218,276.03214161676954,18.654215160989754,329.25430752821876,water
4.16158626331389,9.286330494074393,930.4017720534264,23.93168097024783,336.08000578716695,water
4.162560985554622,9.228626773340771,581.2674444186107,32.24059742821356,218.49881392304601,wetland
4.175769320157438,9.21449798196171,1434.1309704465093,32.295205046530214,292.4696310580071,urban
4.155783914826292,9.230443465382109,505.5133551104018,11.189922928315667,119.76269385687456,grassland
4.16836056967793,9.295277660394138,424.09899357944505,15.139288282378642,354.89701626209643,wetland
4.154140268977118,9.295330875969931,393.96288503459675,41.005809273090875,23.669264491134378,water
4.156848036170395,9.222041384375933,1394.3589115437182,34.92897835258819,30.046275831935006,forest
4.127155043250138,9.273146584732668,928.2938702467213,21.92029432896782,160.6828193291801,forest
4.126074325599002,9.277303106272047,970.0657287060119,10.697526215253966,184.92561387809573,grassland
4.1257768076299906,9.233978148502118,1491.359566864172,16.521113110491342,30.26028038346996,forest
4.137586929539648,9.266068942662992,716.0924180599576,23.55330231063921,167.4760220010155,urban
4.158231511791157,9.251186131248373,971.9012722512679,15.118897783689311,207.9669106498384,wetland
4.144710249147004,9.220043939337222,976.8150198113894,19.12829246523504,292.4472061039545,forest
4.164636023168864,9.245877888302223,827.6710059767336,21.382311465166836,143.7752944963079,forest
4.128382506224072,9.251497719812745,703.107484719065,15.601001809744016,290.37146125976966,grassland
4.171310204593741,9.298488701066537,1451.658926578398,33.56447074179387,90.36695046383427,grassland
4.145409316634127,9.29718365009239,1050.5127109618752,28.122831092199235,296.1406196090141,grassland
4.14503993562155,9.231730563222383,258.7389689000957,12.628131143287389,234.71789086262854,grassland
4.124054461677432,9.25756062164727,1019.1354211783644,15.400364435514964,210.31716175587354,forest
4.166759022841232,9.287092818614951,506.9016553201493,4.945715941242762,204.03522287249604,urban
4.147035220319985,9.257038083001758,1245.2869376918711,38.83420500424464,264.3676691251572,water
4.136077031614496,9.217786164625716,1280.4712548907664,5.28492148906288,58.64207421202081,wetland
4.159995660393293,9.26460912276855,737.4872907960589,10.213546473537972,297.2355355061603,grassland
4.1534581507353465,9.248779162515302,757.1469715277843,1.7574456447924631,267.7724636932603,urban
4.134047355160158,9.238526466723368,473.964602087089,17.063401574797155,141.2436137896929,urban
4.1747044343545685,9.221964792539124,703.2894926397287,1.9299881870165125,44.234287046961654,wetland
4.146650988324334,9.282915757067908,353.53801556219446,25.819084450299354,317.41856862900875,grassland
4.1495743015306585,9.285835636176252,1188.325323782295,26.62198340126459,329.0226947354,grassland
4.150546187395925,9.276485610306764,1119.4927326930633,38.67738651756205,238.1904023995031,forest
4.162630004831692,9.2878941322929,367.94545709842896,13.813458823189396,332.3392389929042,wetland
4.139459938066982,9.282507378399329,1471.6865538705433,7.671122719899627,318.9232739508685,water
4.1430327449489175,9.292602819118123,339.86867639040634,35.79208444395293,42.1646840509196,forest
4.1582273155720735,9.297911192151243,1424.226372013584,8.95849315327472,158.04496800339578,urban
4.138110273211349,9.258189741758663,1047.680851813042,27.732173261327308,136.32867780582473,forest
4.1740751338725195,9.232110446086416,230.9049924148826,22.274398450286203,11.278287784109246,wetland
4.145864538638708,9.252868680522932,1165.0354289094855,41.82120122248063,138.5222874253945,grassland
4.168511310983716,9.254419074229135,788.6973080214323,41.69243020489246,146.74780099332528,water
4.123479599893921,9.227026248176191,457.3091330476366,7.426368170801494,144.42105132756078,wetland
4.164068820029236,9.299002555788574,983.7374896918117,19.891114485890064,340.61594432135604,urban
4.150839053052022,9.239607682077182,880.2745697692769,40.0142888822457,199.84426471023184,forest
4.148395038298201,9.247178484180791,254.41288385267703,25.91915314314903,257.3175114027825,water
4.140433920086289,9.273085005445349,1234.3813778947097,15.385286805253948,84.18923699237978,water
4.133022934001473,9.289526522129266,1006.9200628296261,8.230166491019416,89.20196793786258,water
4.131278453670781,9.291502208292348,1339.1283923546612,14.014371501812999,284.3933700415922,grassland
4.123534653648379,9.237808480669466,1191.5488500657937,22.362108450255207,277.59680469207774,grassland
4.132307922986602,9.275915261825263,604.9130146243181,12.128980125582038,316.2915102268908,water
4.141097732972656,9.24182180294497,261.6327349745035,44.92332470634613,67.3157542261566,forest
4.138916785075567,9.239364105838956,576.1614765674597,21.450662030399737,141.3426279970854,wetland
4.133442734358891,9.27515523637434,400.03698543947985,20.7783986235063,173.15207473872826,forest
4.160958370751115,9.256156841336118,385.43976197148595,36.42389212029762,64.94386615946294,urban
4.148493437249149,9.2458545244323,470.47260060992545,20.477378467473677,217.13013173304407,grassland
4.133152689679468,9.271956337163074,1120.134261282306,12.444580739956567,337.63247022618435,wetland
4.138634685357864,9.241642033057541,269.05679356140354,15.89492117876555,334.9420243690565,forest
4.137889948081919,9.263596558941611,1382.4127907271438,21.08011347940204,148.1867143672883,water
4.129720563655129,9.25803759520215,742.3705105905445,38.888786440280484,294.5308950608372,grassland
4.1313519527337546,9.293278123502498,387.9845495375289,12.47126346902143,48.77427020294792,wetland
4.174391124552231,9.28341198001649,280.7375867812675,16.365924622691217,346.0037158572792,wetland
4.133287750669685,9.28520144983274,1169.0983315770056,8.255276448499027,254.5894425683161,forest
4.128279595553551,9.245146882732099,327.33828140679054,10.253890509781348,139.92027875181165,forest
4.13100360771168,9.28354853304655,953.0628654056785,35.64189821672326,167.89220092824195,grassland
4.172649763401987,9.276349466902534,1449.2172358922064,18.924469821821617,357.07175865370516,urban
4.138870674453359,9.300107389281635,943.3844863835876,13.780386467694344,287.05388882070815,water
4.1630414134323335,9.278121234971799,687.2442491539318,5.78662524893767,19.354604424046148,forest
4.134914675108194,9.261375281590762,313.7693962538159,27.59662281352281,250.79006290355272,forest
4.1269460377154,9.27620980430078,613.6416894767967,28.66475491570539,325.7189273226415,forest
4.174089668131004,9.264865362767766,394.2618998522931,39.4414752190983,300.21754898023585,urban
4.175381507358186,9.237905142618112,1100.8641254272143,43.009308148548186,327.6516630492305,urban
4.146688171276628,9.228076613999475,961.6962022742575,42.9623406480716,336.88992759711215,urban
4.130934107135026,9.232231558797109,715.234925267933,2.0959340772999586,181.63528585668124,wetland
4.176045506605554,9.276707103784636,302.6565018682668,26.52632982479614,168.33660690670808,wetland
4.139879678385899,9.258759247313957,1155.3715535969877,29.854130930930822,299.3120158476746,urban
4.158164289572481,9.247954699687524,784.5479992861514,5.204876990550365,310.6720751776447,wetland
4.166467107521389,9.24570141383805,819.9656685331195,9.996479906432226,264.9486884290865,wetland
4.17490466276607,9.2878403552465,1153.9741353384738,17.097672440795655,284.1667934214242,wetland
4.130184546709205,9.228923379505817,1228.5256800090588,13.239186308155054,347.16234315768537,forest
4.146188451786149,9.26823072347167,707.3524856877575,19.627906232445625,1.9529056073489892,forest
4.125754647964436,9.235124705409332,975.7690690564378,2.3080952708376063,97.49507450118472,water
4.121483036928433,9.251382722240777,398.2084345479134,18.69556066293327,257.5519630800101,wetland
4.1684007598353725,9.260030891952361,680.4462374019886,17.46997711053077,230.92591941313634,grassland
4.168463146147873,9.230863432015788,758.2642803740412,38.492372475262684,153.0498397856606,wetland
4.138531807401312,9.286887771545755,284.241650454391,13.606318068967047,357.18802061608335,grassland
4.15505776225781,9.299778031848053,202.83215252651607,1.8433097801432707,201.38270056008653,grassland
4.161578849728514,9.245423066207492,1390.5360582223784,0.8149767160647986,69.09834918686511,wetland
4.144614978682425,9.280477434112386,232.66025584479888,33.52207480022733,52.29932623816326,wetland
4.167762436751088,9.271971088765948,1112.098535190088,21.04934024135747,187.64259564843312,grassland
4.142034712733123,9.263290283129882,807.2903401291819,33.0422751049205,246.44379016420322,water
4.122756848495502,9.273924673726148,914.8199241568335,12.031735823409969,309.75000881502064,urban
4.161088712753287,9.2299762612817,573.5826385315404,6.565495204880175,352.15164764772135,grassland
4.148411418650201,9.220486469843257,1089.6771332727785,20.547281839983675,258.37310452153747,grassland
4.153339029813402,9.233837052021137,1359.2116000463918,21.865127279941042,229.92531029476908,forest
4.171711225216995,9.231720957240366,734.3512994243523,8.199884136994289,270.26181064235135,wetland
4.123450481797047,9.253262905324512,960.4029761506984,41.222800422145056,293.4137989353621,grassland
4.154045094518781,9.255673697178931,442.528501050828,22.081546455356406,92.64252804883802,wetland
4.153032081634912,9.257096605634429,402.2125864343534,20.61561191980236,250.17102125612377,grassland
4.158791950895278,9.2295515662732,655.8312664320271,28.666866980204524,96.74663296054652,forest
4.143988677074831,9.220358823216312,1004.5944691776909,25.36202727515584,6.864793661065711,wetland
4.148332411921878,9.255799808858903,842.5566811426006,16.688766305275774,284.60308461382385,wetland
4.149331683736026,9.299900710539406,1264.7876567010744,41.15052593007697,27.465484525548675,grassland
4.140713998096804,9.271682540442596,1141.3533918786957,42.09044533272816,33.14198763315019,urban
4.150934648290941,9.280771933464715,489.4761257092744,38.917504274607786,134.07497422447958,water
4.1312268740430875,9.279449172174367,1471.1497417993437,32.83671078966636,69.82534456444645,grassland
4.12620802935069,9.235746148790874,658.9120221382216,11.336003243302745,86.0400864544428,wetland
4.12217015149146,9.284301599546364,1207.7321531221041,18.47779831117546,117.5640657216329,grassland
4.162153721558506,9.285991589105269,753.4844171174958,5.976711432597325,351.48963158882526,urban
4.153426739324213,9.28094909152473,985.4571597358599,28.559629106660974,301.23386860887143,forest
4.132593868978699,9.239852303372466,799.7073924074447,23.00046421220559,22.917000081768247,wetland
4.140483014873768,9.247153366413821,1395.1778277416063,2.5450366058993628,235.06376844419378,wetland
4.1529854897957295,9.284622885774507,888.7200175937936,30.94901165223661,20.607006965485336,forest
4.1221061937971575,9.23674292629502,724.077415047709,23.36674760334895,260.5478344653232,water
4.14813297914979,9.25286827576833,877.3760797772055,21.183064764340404,220.21138669168354,forest
4.154388601630383,9.270310435088374,921.4412359588327,20.03725901208094,70.66703466224251,water
4.166117331507087,9.26973942883969,393.88106634265756,25.851432445871282,263.5374127726,grassland
4.175660673524753,9.225704060913774,569.6008089152493,40.232767757282524,269.51298640468667,forest
4.122932014185644,9.240360597615165,1383.1062041146547,5.700844888705564,9.228516591247962,urban
4.146992493313529,9.237149428447712,457.9830775202925,31.681085804144274,280.3595865812121,wetland
4.167943022525613,9.240250634677086,1125.2882575239269,21.216218704778164,209.63777067308885,grassland
4.137826459559094,9.26776595198557,753.7123531485927,12.051038680597726,131.5998715850874,wetland
4.147335758155379,9.27360503206873,1055.5073366851407,20.433242759461265,154.70717292914898,water
4.125148145561715,9.237675865999185,1421.5022646082155,14.162089565754156,290.02510525120266,forest
4.170779933246986,9.296751515325315,425.02143141571605,30.745176356917874,121.97154309500027,wetland
4.170867709380809,9.254053133872103,1085.036043446249,12.076168177803849,26.642636759948125,water
4.163546084404896,9.281531869130617,985.2514253866029,39.46649275131606,61.69280388652567,forest
4.125133069693059,9.238634172890698,1102.8900861192915,43.656993402416845,85.46941939283766,wetland
4.143243229154727,9.216435485805949,1298.6718059004156,21.555217532533337,311.3315974530651,forest
4.168844454078867,9.258158092971403,395.8820069917352,4.4889898900228316,198.36075008488513,grassland
4.149164156220131,9.289854547504666,1335.9774435476068,24.707163212614375,327.4059440588603,wetland
4.152999680058002,9.268023849125992,1005.3639822118138,13.98600633044188,67.97377267514625,water
4.146792506087344,9.27969566503885,350.3183051996094,32.79851323489218,248.82742543554897,forest
4.151224729216857,9.243719960176088,1005.5843568144517,14.578556200794935,199.5462952067898,wetland
4.148482244397671,9.292656878774356,1322.8623565321745,21.072316045681962,351.21609663332924,grassland
4.168827140247383,9.248139100378948,1449.9709165711452,29.692005816417872,345.3803629197884,water
4.131645813728881,9.271478869107039,1293.1443544210324,15.308662617023387,351.32617581576363,water
4.151160413796554,9.214955430321236,977.6958452035063,8.482096739262042,305.50152148192706,grassland
4.134055340966732,9.28451713176214,315.138857413879,38.68884500535701,13.696358796488678,wetland
4.149825091960604,9.288786765359443,690.9582638822226,20.971812888536597,49.58866969596205,wetland
4.165028992380341,9.293776528178611,760.014458715548,9.896705725467177,150.60639655300776,forest
4.121719492986834,9.226197308769384,721.1128822817088,10.532591529990793,41.47628834163654,water
4.165670825582497,9.277166765341475,423.54211972002713,0.5564577163537543,162.64071203715503,wetland
4.149789807597675,9.299512692080043,592.8650812046463,18.964112088575188,233.55846817076446,urban
4.158170996547081,9.278170147156791,770.0614378283972,38.1009681051167,197.4175750607652,urban
4.168816910473015,9.225131830820544,1134.652835284011,41.6743029955769,139.2666960979813,urban
4.147855849360531,9.293452538947822,1386.850440214353,27.023125399450848,336.8850707637396,water
4.146998608469743,9.297245657558898,1178.6857420139113,34.66558555153094,99.89152821482593,forest
4.140400686040534,9.248613976649,465.89135390516344,19.155294001318765,195.8066354307395,water
4.173204519505269,9.28306158581936,1409.1876098663856,35.84487855102612,117.73051774781604,water
4.124575876276439,9.298707470333602,876.108829489048,35.35996613567691,67.890882442943,wetland
4.126965730450582,9.279794849135383,247.56484827150666,19.216309921342766,202.92951693176897,urban
4.175644763778029,9.216120858732184,1063.0341353319168,7.539973675065038,87.93587565030992,grassland
4.131548985973428,9.278827132362464,1149.388521718064,7.286899636977279,1.531341597548166,forest
4.134609159673872,9.268879453903756,322.420785887423,41.88072773060979,344.0138809529183,urban
4.132363518131603,9.293453554083486,412.9213741128267,4.383708482467615,302.4314628745961,grassland
4.156981503930137,9.29105064120126,1123.184766933808,40.0176490683411,251.7485324969263,wetland
4.174817997685835,9.222266611470713,338.36748250988336,32.5585715111718,50.391270226298644,grassland
4.1378474294631395,9.217593215642196,819.3406195499778,17.704270723063853,30.51494800238302,grassland
4.132734979107315,9.224666889923283,1119.7351683620996,36.00987305704333,107.41472700348814,forest
4.135752118049105,9.274576635433625,767.2232591591991,14.751410866384878,245.41752335162937,wetland
4.1507424740848355,9.23493594452773,338.2340744044372,15.136895947856559,30.63383274876167,forest
4.174211057418772,9.271862239484104,1199.9815449129615,22.384912166329368,85.81189270180629,urban
4.156128311460977,9.243378340506002,1137.1675473447885,20.759299126714648,70.98558914273764,wetland
4.13767624605035,9.286373653995843,980.5348535572406,2.2270410680535893,226.93027237760325,grassland
4.158914323023111,9.297204274619203,1343.2826734927487,17.90952113173833,163.07493681646707,water
4.139656037263594,9.280670755765856,1230.6450739930401,26.114115175442105,271.23284226438324,wetland
4.12372017958786,9.217794357581653,1230.9518616547323,26.755012629489457,63.48357026771323,urban
4.150461968414398,9.215827695714609,525.4036179694149,29.495685096391295,140.68408774230912,grassland
4.131076183854663,9.229915682540154,256.33400387300304,9.219413195402597,334.7833592993517,urban
4.154788023606083,9.26133215373566,660.7095711765065,7.96418296337672,148.43614623188972,urban
4.154967037946843,9.252064073142764,947.2840229474704,6.421518995532639,238.20180926420363,wetland
4.143343614801721,9.243960945944599,1151.1354212273327,2.316503930651997,250.9330543541887,grassland
4.127993835258079,9.248848765855797,705.6812175157002,19.54830640902853,83.79046240993318,wetland
4.138445735218254,9.265756983582417,1092.872952884794,26.35824521515654,181.717394008803,forest
4.137470640991489,9.249426374630701,1301.998540934731,25.41403690983445,349.5276953717176,forest
4.126347253281808,9.216603828470648,823.5937288686048,13.86979171473091,210.59937689018665,grassland
4.131342161347292,9.251718207563425,878.2032852918305,16.975073570557985,254.18016219652463,grassland
4.123793664321089,9.27148746147376,1404.8746292741032,9.08472244927919,143.78551587548588,forest
4.170935807059363,9.2474368874742,1092.7830368366508,13.047633259660662,83.68855985414734,grassland
4.125567517079112,9.253416656270725,500.2650699860317,35.42662453303512,288.3911287365226,water
4.172726093297668,9.225409401673808,521.3194862121284,14.844847343338778,326.34858017620195,urban
4.169005540748884,9.224033358007038,320.1255093064934,27.24945276500928,151.83484069517232,forest
4.160641688277081,9.241665958150213,450.5126222090902,41.60705675726364,13.793046878249715,urban
4.172322580879321,9.23622422173279,719.1165041245671,2.544637318308797,121.45118714646773,urban
4.141736953644867,9.226468463878934,778.2447326894679,1.9940359093840598,243.66663426861058,urban
4.163625430127205,9.232766117791789,721.8061360432333,37.51659713896808,143.98653698866642,urban
4.161561731122118,9.27452619876513,359.4769388702826,9.726849206731767,273.78058971698204,grassland
4.141245272273564,9.238139334176205,690.3229577228327,38.86344237872631,108.16369250658668,wetland
4.14098093853664,9.251617908423441,1025.494243991065,19.47170570419785,243.90240813575215,urban
4.144399238812626,9.282669577408623,1458.0222986156189,36.978911962167885,109.41012637228945,grassland
4.165015248860125,9.295364854301436,323.2273772581944,27.04757216923248,246.94624293445227,wetland
4.158719860880765,9.256223215465603,212.9405938047762,38.5433594842726,60.45751579932579,wetland
4.147976413280109,9.289196077210102,793.0518424721897,5.050583297664045,89.21081024684712,wetland
4.131704804269432,9.28586655345145,445.54464079964714,37.42270647883175,274.1446755649133,forest
4.131675634550687,9.242552503673496,532.1238658915765,39.18870019760111,55.59745552367634,forest
4.129183748325626,9.252073128040427,1200.0558518460316,10.139806883057265,199.73932765501053,urban
4.124416109387646,9.231341213614144,637.9326176056596,6.820266705346488,108.36830515798592,forest
4.136061780280356,9.290238452611842,396.44851516657315,0.8407523989655485,144.5731428127774,forest
4.170382421822054,9.284918111859481,1262.4912799959284,24.449591604475447,151.80008130570292,wetland
4.14938888220384,9.223304302206484,724.87227087348,5.427416829739276,1.677210749163316,water
4.121368712588903,9.299152654039258,870.0506544185881,21.23359512035828,82.63225212270109,wetland
4.1411095896422445,9.269858557971554,1349.5376038514016,25.897676781171096,129.20722092997494,grassland
4.172251372041394,9.21878866185399,1234.2259555968758,1.4146939948184385,60.465557892425934,forest
4.16118181007355,9.239694566320368,1353.8647117986711,44.7314123217598,53.03416363789163,forest
4.144150964735892,9.270546353155748,586.7844295418349,37.74542769217685,238.91657987194563,wetland
4.137507644137575,9.279854275443789,1426.2083863497667,25.90089195023399,127.0339360054697,forest
4.175021418772546,9.218306865851824,1023.3893067792558,11.320681349366886,144.13936006299613,wetland
4.161602378784621,9.215231173836715,617.0560043853761,19.104247400641384,353.9092947894275,forest
4.1677968656088344,9.24399804912126,465.03592011057884,42.889409540474844,353.95390581469513,grassland
4.131358168661237,9.234108740050043,1207.8272845130673,44.42911838858019,63.70456452544187,forest
4.164769889002441,9.231221158636274,1480.7425906281949,18.997498863322136,200.1684679744411,water
4.148729500117506,9.229925486029364,234.0081827752697,12.505448197466944,99.57388324151793,wetland
4.159670841236939,9.284423966412662,719.1801931348933,39.641987440436814,295.7786586682248,urban
4.17413596312198,9.223842967050043,1292.7941016059478,4.044952300174851,125.56991629249808,forest
4.139299313664918,9.249111000905309,288.86539284769174,4.866669389538133,174.4426914953119,wetland
4.122051817239724,9.265888713034554,846.4382639413232,29.091907752540912,242.9852575166448,forest
4.165918547358165,9.281224685493811,925.6627557491167,23.081096958957538,304.1448294678686,grassland
4.171588427303315,9.223941988573053,491.4239310908991,9.945056989489641,145.04031433433076,grassland
4.130576492624159,9.217301742757696,337.37925556851826,1.5640008202886413,66.39492752651414,forest
4.1629393187240264,9.276065111852304,1468.4655022190866,13.100426749187617,159.10954992296436,wetland
4.140292201115867,9.271989170327563,990.4317648279898,36.61250477638546,235.9727141377595,water
4.158419710907312,9.2149668924463,1379.4402022552315,13.140012224358063,93.95409749998545,wetland
4.137340376104344,9.241408804128634,608.497481638093,12.007244937928817,81.30380151680767,urban
4.140491762551832,9.270352776109725,1155.7760821886404,39.25847874255226,248.12659968703022,water
4.159459566723982,9.264623374079216,640.1002380560305,32.76460892168352,77.83016705112742,forest
4.1495335185842555,9.255259546327359,798.4464410450386,10.861461844891226,249.32268404572724,forest
4.169587594444407,9.243824423871825,1005.5837819687895,8.889593694681576,117.38408712289552,water
4.153527112500644,9.241643502374965,800.4177070465302,3.7575825474124516,258.79487249197473,urban
4.166095049199553,9.233341920406598,513.7055383206396,27.13420805826352,206.92299745280678,wetland
4.133467238498282,9.248118373516508,1028.7521940083425,34.405521085917684,0.8922978493963551,water
4.166396963434314,9.23804809653036,724.3019909962995,6.329024685006504,141.09236979198238,water
4.143918725541056,9.257313312722044,1247.6501730553016,28.87489734149572,5.228825607022625,water
4.124667526193898,9.250450878821766,788.7205428192372,18.801142047890018,164.10910266199735,urban
4.13209753437704,9.297218373729175,603.1790701662298,16.620393422129286,91.18839941278009,water
4.145035749521607,9.248346960318829,515.3254290339412,21.602203034089044,266.3241437565775,urban
4.160686204721062,9.259662430864335,925.9903040290744,18.58247664368244,21.277098982641625,wetland
4.170758606112717,9.26374604763717,1008.1857242083912,27.285343359661415,53.49404081807969,wetland
4.130146681506615,9.284517373837282,1140.2723386534967,23.239418106601814,58.09460180881691,wetland
4.173318404124127,9.224863055617073,487.45851147186625,25.843566994781245,321.4567845300872,urban
4.138732817216526,9.265682088849,1465.5631705323112,34.35990819357164,49.772390510945186,water
4.125720041487336,9.266158107831247,1265.5468963682422,11.809052402731389,67.50235219397148,grassland
4.153968465990657,9.27801582223009,1388.601300884884,9.113621167520405,245.9309740661745,water
4.165130755291791,9.23680478542605,1411.2327608327935,40.71063816939842,263.08889324863884,forest
4.1430811845599465,9.283042363005242,1343.6626780228646,18.05314943044447,131.24629080147508,water
4.134325171929009,9.247533568586265,537.4135897884019,3.3213709779837015,309.95891236595844,grassland
4.155296619467166,9.266358592352907,424.9313409859467,29.746708217714957,296.1802507451419,wetland
4.166457507020063,9.292314387589563,1031.81398127787,12.220249372973486,267.76245385612367,urban
4.151648509042214,9.22762561218176,262.0847763730458,31.77057344927388,350.0480524047114,wetland
4.16823569283926,9.28148674324174,1023.0756794849126,42.990231617281374,312.1636274107949,grassland
4.126191680299423,9.242314004727389,860.5676895118379,21.2139955949982,148.05189549839727,water
4.146824119711538,9.284720929780908,289.06605660016317,34.70534786778598,67.98058586518638,water
4.124207482257371,9.256950228144142,1251.6356180061093,29.800495099834837,304.42683447379255,grassland
4.122628083312041,9.272974810764618,615.1786465023397,3.75238524795051,110.268819471525,forest
4.130187528965801,9.292766914916044,323.66774411242903,40.60573234909076,130.20187466482307,wetland
4.131849681691765,9.231808440962562,884.8542110028777,18.56897166043062,322.3451188793215,forest
4.175408209189571,9.25371168289383,924.2956045370433,38.99523635449372,21.629961586303473,urban
4.131787808517936,9.25724026969793,220.88769184435014,35.812873295826826,294.71752395210893,urban
4.137969800425924,9.283392360138318,1376.9550007578612,16.912197987620992,119.3326517462662,water
4.152994695212774,9.222132650002038,301.80476094207586,11.32153980844406,274.11069903925437,urban
4.134295180777754,9.278535791666815,1411.3470433653429,17.511779092081103,12.86622427787031,grassland
4.165482041564851,9.297593059302633,861.5477962551233,17.35718246079672,193.36136334612004,grassland
4.157894241909567,9.218677476255545,1032.0528682137815,17.289067316524918,110.63045039490635,wetland
4.1603833309022775,9.285668928019712,409.0258211074015,36.22505728871086,95.54840838705559,forest
4.157104409676468,9.23716746118177,997.5009902275973,43.8805289651541,321.4249694907332,wetland
4.155999952724352,9.277219554744045,305.21708853112267,1.6809837817911255,253.93162271377335,grassland
4.130153719828578,9.25513569150685,714.9284612598955,13.827756416493926,277.5868232701836,forest
4.151573931753515,9.215499970323599,1357.7905834630526,43.41490566485685,219.2820706625461,water
4.160226651010243,9.290661611095636,897.6072130677226,25.78422375054269,266.96860389904947,water
4.127266893422058,9.285313233271799,924.1496357539047,33.82897106850336,213.1785176946302,grassland
4.147564685792312,9.258532003621022,1194.9897450305118,36.28100508478616,60.6409732448929,grassland
4.122648396138404,9.281012555823281,396.85633955531193,39.371358412754006,63.29689015934907,water
4.1402553314734964,9.292978541005407,443.3724499154953,18.943401354877228,339.51351256881196,urban
4.159757956166949,9.290691005903582,882.5085032261552,0.6700315055224487,5.486275643630449,grassland
4.140764923257874,9.27279285655853,1333.069216291613,32.92626823142892,109.2088471039532,forest
4.13961751433007,9.219944818640709,259.2066389656359,10.732466699497682,60.27091047155235,urban
4.1218875015484535,9.292346204805733,518.68133812015,24.8020833563485,303.4013251094069,water
4.125447259773679,9.269744271244289,524.3427582932277,8.713270804138125,228.0647769145674,forest
4.122642474393044,9.283886576021015,1366.9207545892586,33.58039059336918,160.79344237222523,wetland
4.169487571683137,9.236507081445925,240.73961724313978,43.8560254121188,189.21613793432823,forest
4.161031588852808,9.261390384255174,254.89372257105327,32.791908301737614,31.854966007970624,grassland
4.132650633752247,9.229340104031092,1145.2149384940526,19.081952868224107,211.881694054423,wetland
4.135710992184866,9.226287575357642,578.4942366756256,36.23594219578959,233.93181624942795,wetland
4.154265596841274,9.255544572525451,848.6485521033604,9.74553993809834,66.52585486125791,forest
4.134418869559525,9.285248751587087,718.1794518076757,12.681978665158635,286.84403648038057,grassland
4.169881243705443,9.26782376997404,1220.7694513446559,33.17367765386456,26.932489714243456,grassland
4.131397232400857,9.27967092012837,490.9524428516316,44.79374019615509,32.3422263295796,grassland
4.12740040654608,9.253582546636897,272.03514863359675,4.537537292949463,198.41497487065928,water
4.144180321108735,9.215290961390457,512.9105816956558,12.163740429520956,5.593694747581854,water
4.124687227401801,9.219741891700137,515.3749892905449,9.334471377741398,70.38526260716621,grassland
4.151598290570503,9.225473212796942,621.7599411078809,13.694790422315059,48.868535562251864,grassland
4.1386372885024745,9.24756951246837,653.5116978117732,34.69141278231116,41.996995093550225,forest
4.1318743779175975,9.264717702830454,287.5726958598926,37.676301597463755,22.141673354534337,urban
4.152787856044102,9.281575447131964,337.40627553772254,36.74102255008516,13.567753966053143,forest
4.154533508261937,9.236997804253312,219.64264786339942,30.815849134254737,183.88953019564923,grassland
4.143612772364565,9.260053205667981,963.5804584945328,16.30411521737121,163.2395746107622,wetland
4.138282998631134,9.228365812392449,1315.0075706808675,30.35225282430192,120.08742339775269,forest
4.169036931303215,9.235880652268957,705.0728317273699,3.6858881147388463,211.23294429645188,wetland
4.121604437287743,9.294735207545125,844.6352270718572,12.566232134173182,173.73266116291828,wetland
4.164268248065096,9.245450169078019,1245.0386920064677,23.11125341870415,353.0688866410278,forest
4.164897507313214,9.251865140253626,600.461009756666,4.410197605191204,311.4771547835823,water
4.136319162921229,9.258366275836147,1166.2612085781275,9.674070276224157,147.29124991235642,grassland
4.130991388779344,9.273016571724524,599.916984775065,28.182821886357164,30.31657861223305,grassland
4.148364045529401,9.27283855461918,1246.6065972724336,19.694556853636954,139.19691220247842,wetland
4.1738876035782795,9.289243662088806,863.1150431810871,44.798448248509395,169.17779852212257,urban
4.1734624076481674,9.258551849249223,737.9209650298434,31.42753162256368,293.4831067124098,water
4.141847027920497,9.224745245318518,1448.181234790706,24.77397334961261,123.28046993630838,water
4.141666587420198,9.264133424432957,1119.046685699894,15.735209610714366,38.8336218037455,forest
4.13031139662274,9.26186748579705,410.8523258338628,12.088807502164745,273.4564638848447,forest
4.165272421833451,9.255228096526682,1471.4949744652827,14.483267466017336,243.1751175068706,forest
4.149543000578069,9.240616649730516,551.6249396798144,41.74484176304274,288.79848503902366,water
4.153209947372917,9.262494594338403,280.81045227907117,15.03563053183024,200.19166112819948,urban
4.167247643521916,9.242050600812043,526.8161983888648,0.2599356329368202,235.62224816533688,grassland
4.1553698328930615,9.290534206971898,1447.290173845692,28.25856700140673,337.8128413333736,forest
4.144073711199528,9.264486099450913,971.5845250918492,39.74095152469324,285.3756786448671,water
4.124285817893762,9.266292806301522,362.64893351122885,1.0998074835151084,224.39893785999794,wetland
4.138634023470417,9.29684391878925,1063.533740664361,26.436155613584006,263.34052703768714,grassland
4.129106927918839,9.274181309181053,327.6355874611601,28.507665789611053,61.2902223165718,forest
4.1546936515732265,9.295964240037081,857.8427446803587,32.49831306734475,325.399086239906,forest
4.148698058358847,9.28417060247789,1030.7809928277752,29.051112792672082,239.44377780077872,wetland
4.152592204517787,9.247725040659617,550.3305575445689,42.01558718808905,154.64741463491782,grassland
4.154562143084676,9.277607310661649,1416.9610745576392,38.45992107875036,64.74870336673573,wetland
4.166069901025295,9.248500664854404,1255.8571968228132,3.8999324785782914,14.862496690910643,urban
4.144849218610965,9.295430040190373,1341.906161782028,6.0447522777875005,289.0447100425553,grassland
4.141822420898387,9.22256562224961,804.7215337586437,1.4486902527796426,41.9182441954913,grassland
4.1720378063861,9.265277274785722,914.2815045280441,17.544270919055016,271.93517632832214,wetland
4.139609964711432,9.286998423457934,425.5973240482121,32.30018874522392,347.4213412348711,forest
4.135637418711183,9.223507631165479,251.56161575566406,9.616076508032096,68.81020824877893,wetland
4.166349828436894,9.272073202178152,797.7236380844739,6.737493354735725,184.8980849165479,wetland
4.127682715978159,9.25357340121758,1009.5256794858458,11.061991450284042,286.3046167896247,water
4.173973054959823,9.299476568280086,1010.4494660845802,40.94028457554452,159.61938419262728,forest
4.122637270783324,9.238393338325967,417.4447499175163,18.05024581046227,320.483666053334,forest
4.170950518342696,9.293641459139852,553.6908632335933,41.54426224125857,238.68202372346877,grassland
4.155831766805284,9.292466445492972,313.82051744546305,26.63459085377273,202.78668494349427,water
4.156602818366842,9.289137899713609,1332.613130898217,3.966240174330956,286.56810580936695,forest
4.1579961019641525,9.229936256460023,1355.7279812184197,33.123784829649864,351.552915096155,forest
4.149312566019474,9.291136254424995,351.5197815914871,24.23481143943553,218.99780000293038,forest
4.127381758008548,9.282810480012717,397.7998592618462,33.31505302466283,166.8688336349116,urban
4.156822509887849,9.230869466257596,821.1587828280415,7.346685305040734,262.0464023118945,urban
4.155467241068759,9.22667239132753,1007.848982836696,33.40415047646896,320.54317172119914,grassland
4.1559864590208395,9.290101881357407,825.7600106425332,15.361686514821404,6.7282119974900345,wetland
4.168917837745715,9.284127389966875,602.237700208922,43.24553193399536,98.32090239634128,forest
4.163649742387362,9.291616459451776,1082.3072408354383,23.54951586890429,358.2239648828542,grassland
4.126822700970163,9.24206544039844,275.08544690159454,7.268239916634861,248.59527850074662,grassland
4.169557722870743,9.231870250360373,577.5128662148693,7.088753548910033,58.74017160544402,grassland
4.1525836599238,9.258022653662847,996.4528496402298,6.559269287601826,204.46388975919683,forest
4.123909619688107,9.28881942059775,1244.7755346513272,9.378277774830993,298.9230469978489,water
4.174510653846734,9.277193898063143,609.0972543002756,36.16752918024079,137.5239411098256,grassland
4.148269554840315,9.243997889996033,816.2086143134745,9.569513316565008,307.26181501749267,grassland
4.148372793827754,9.274582560657807,312.23447543263035,24.64549554863773,317.98959438548485,forest
4.142101542291234,9.26032884941626,344.4531751109122,31.180001109725772,295.66449263598884,forest
4.1728701638933465,9.25565004029932,212.11778136212592,20.079784217133835,174.16349901501468,water
4.123493193157234,9.265148967828447,523.0154220862486,16.756815889419475,359.70542546565866,grassland
4.132988840816716,9.293329393625829,1124.3055518202002,15.68762723865049,248.35028567273383,wetland
4.136985882702177,9.254867328785236,1290.715292506561,27.446341162059845,233.9117726883291,forest
4.145913895081652,9.272567665501477,1294.2534963419384,42.658862331248955,32.03492892572769,grassland
4.167826303880188,9.256152060363375,224.80853514346467,12.73155896771893,255.71626241697777,urban
4.142435416449524,9.295935449507816,614.1667364147478,16.170010187493613,91.35674816547602,grassland
4.142764992169798,9.233593199679783,373.244789470215,10.48660657965512,62.899108932251494,urban
4.16597346948491,9.245588088261824,1032.0188135910676,8.740758229742205,286.5922297029313,water
4.123388017947204,9.214391864237744,400.21751231319945,28.19462352558606,181.21622780046903,grassland
4.1677932848730945,9.247758609467466,337.4913253518308,18.761742862897616,53.030420421874126,wetland
4.130351415843573,9.278493527463416,982.1520405695906,44.46127613219482,308.6675176597933,water
4.141005522630482,9.270246731502615,827.5637084627215,42.45245801185174,91.16010358529587,water
4.151043558151957,9.27604601527961,635.4898318485624,17.332520724567235,178.2232022726179,urban
4.175420552471522,9.270377560336144,368.72743599298127,44.679945269158004,183.81274604929501,water
4.151635835754661,9.222602328380463,276.3063158024413,16.39781019325386,253.94878869480155,forest
4.138084052929039,9.288534260447053,785.7412881279253,38.09438590135601,76.67052864646996,grassland
4.144889820732552,9.24314431188946,239.1276885801073,1.2411619463780892,276.347743202199,forest
4.148615518310057,9.24992378197202,522.7802950651085,41.629473538311096,326.2879464417594,water
4.137737313236926,9.283218032345518,672.3221338713777,6.601568811149196,215.43198832919322,water
4.142384587764835,9.242763107594946,1017.6557894256761,22.128572102077857,33.7467166417944,forest
4.149659862462323,9.235404698991548,1330.5385447518056,39.51895646055128,356.20248352771307,wetland
4.131297749092048,9.29591753407751,879.9937505655386,19.358696102077076,53.56173604745295,forest
4.138256200739697,9.252198240202823,479.99271204785015,26.214329744384422,200.33502270325633,grassland
4.156700914969852,9.214532796276291,558.7443925769032,35.71839164137369,212.59733347329345,grassland
4.174027891811339,9.273044211307669,899.3973208946213,17.462441985495126,293.44698314725866,forest
4.1350851392472725,9.236289064198552,985.1933010677711,21.28473132900184,163.57688731227574,forest
4.138022598948071,9.248161031124335,482.98394618748665,42.49880427137373,91.28366521211045,forest
4.132312778420925,9.288158503300824,1480.76303306685,14.632280337797324,149.51224530657186,urban
4.160254757358436,9.218323782449302,544.9888492406999,14.532371607269024,59.54689675626194,water
4.137883743532438,9.27098566444984,237.55516130635644,2.763982080815331,312.95497124081703,grassland
4.150359410677948,9.21933128088883,1132.079771332339,10.040188797839983,87.02390482128702,urban
4.148887064073761,9.26850925075321,1385.9325023719841,31.857999312854126,249.31326007290406,grassland
4.121908792020935,9.289239800877027,1310.5290141598211,10.306299186267676,107.7929085900257,wetland
4.133090229274774,9.25960869491588,720.5923896868603,28.213125170781588,53.10354675423661,urban
4.172831786450087,9.29796995681753,741.6831202704807,35.0393879498967,290.35962146856843,grassland
4.160442694280371,9.236435366089598,951.1095081546332,42.109104498025005,334.4170090723863,water
4.12325059547031,9.226946483210092,744.1801719156513,5.5561450703468225,105.9944976237501,water
4.1489995323617235,9.258123769357853,1275.1340828330606,3.109321130195389,163.48531863960474,urban
4.141252480262757,9.244944000407978,939.4426559485004,44.25941298711717,177.1077292879772,urban
4.15401250543243,9.2768694412795,1004.4149432400851,44.76066523138247,10.092609162968875,grassland
4.16462780013234,9.237601073443392,949.9259116540715,40.50791237607006,358.29991259933973,forest
4.174602769631116,9.294677088092445,1485.3083707599437,23.385749122554298,223.45151967195198,wetland
4.124895072460188,9.263980796878387,201.06784412914865,20.466751797413462,163.25328206537733,grassland
4.173344900200813,9.237708623616047,809.348057783322,7.072763815928578,133.20174114480352,grassland
4.135499307165642,9.291748565027639,669.0035282417422,43.79813851820985,64.24117806906293,wetland
4.162900898894582,9.276358499406168,518.8743243465533,22.81159866506455,250.24533150063561,urban
4.140410152400406,9.264355853333976,501.16326337345254,35.66356438539917,289.2702685265982,urban
4.155219021625388,9.24665736613118,1382.3335322674736,34.44746505332796,164.81196108567545,urban
4.173419819076508,9.221109055742906,613.1250248781155,18.22435469986773,276.2308105789327,water
4.1244469655770075,9.299708666748163,1279.707807541679,27.079766054547232,267.7284956792105,forest
4.146076592789353,9.269587155328168,228.06243497697227,29.91793393314476,127.4190765380316,grassland
4.140923640110775,9.216604489667882,1470.2685198337203,44.861005100821586,320.1981310113263,water
4.1352037617721455,9.268102473168279,1236.3915330013383,39.30019076312732,7.361950269609743,wetland
4.1284424176940835,9.243219091276922,1438.3279746526557,5.996879492980101,345.20236150660577,water
4.148895583434547,9.281108004087496,408.6608421820106,26.895547923253744,359.26819280053667,water
4.166239821116845,9.251211691619247,765.191279435037,4.541455283831468,172.60908640192196,forest
4.173114228749982,9.256765038882536,946.5840312009253,5.592949392891287,140.17108472647277,wetland
4.131287125249363,9.289436729019645,1332.2010397150468,39.45827940276098,49.69037891903974,water
4.14142127512649,9.279192640601135,586.6291151423449,33.80509188248009,84.51717441253022,water
4.130422844777257,9.229062412503499,1286.3860021397456,40.010517659706636,267.24267818794004,wetland
4.14460709626569,9.282738194883159,975.219693916183,25.631131592460452,263.96945225349975,urban
4.171732110944737,9.233078189926024,917.8393738748684,18.539968555300632,249.90900027232604,water
4.1281148800684875,9.217066877287156,1247.593374731154,0.5137117674053732,59.055569487756905,wetland
4.151497452829185,9.300058049460457,1487.891973948993,40.41570743867482,348.94296004460233,wetland
4.121846454384549,9.234146485110823,778.2177497982017,24.329725508320664,270.8516267678078,grassland
4.14575327557704,9.25353007939964,1332.3581034696488,22.286694003988064,225.2967860212578,wetland
4.146515979917782,9.217881223063241,448.02285198113555,3.19447600893479,46.33405454668244,urban
4.143033102060924,9.230789394162601,697.6723725141405,41.574402744367916,356.9654595206359,water
4.133521284660197,9.294022991076853,1195.7923975620633,15.2587385808975,169.11450031838683,urban
4.1262388528943506,9.280621220680738,1088.13594697203,1.1620907893791683,79.74966141908361,forest
4.149624174282229,9.215951115089718,244.78770522175387,44.00431652254403,122.47724224046047,wetland
4.1435644798259785,9.264122474893329,792.8615914533613,18.29765835266884,121.57740631000432,urban
4.139249909685456,9.246930592701663,515.6038557094432,16.352603785596557,229.79066988949043,forest
4.123544985904807,9.293791355083007,213.58664049713198,29.747987534904336,78.02036369579106,water
4.16299230191617,9.21689686855286,613.4401572356898,15.431783324686258,276.21571221808813,water
4.1321988335970365,9.217644348810907,557.0057912914008,5.757147725842479,304.5952602346028,grassland
4.138056723428526,9.277505725169851,1459.953503855885,18.79399409913617,304.20745384915415,urban
4.128112956184736,9.287577259072947,1445.6049137429086,16.63323073249663,216.99744753433464,forest
4.128261289572069,9.291640046667103,720.1301595640829,22.72154462042935,278.0851925830456,wetland
4.13221644751236,9.266555359034285,1228.5791102161293,19.50925770046995,254.7248111130155,urban
4.166347965228863,9.27908042672249,1010.8379026232192,18.491749092407428,312.4538299013917,urban
4.17381628337519,9.287085734106,1476.913164523282,31.05894525692601,57.1745338344529,grassland
4.14637583021958,9.270826782645713,1420.4571531650654,18.678847338377626,97.32540884809377,wetland
4.129943709599645,9.231025077485954,1284.061361052487,7.150444733500675,241.1396821617521,wetland
4.162014058504056,9.263162864772099,813.2576713625315,38.23939455706691,222.73225152891442,grassland
4.168452615193465,9.25984114131293,834.2307528388135,17.304161617819506,190.0356612585671,urban
4.142308850769923,9.264465067520852,954.4755165926338,44.607525798400076,199.96696423922768,wetland
4.1416677714439345,9.28176526139768,716.6403339517603,35.75821191205833,51.55201134311972,urban
4.134013556669544,9.256227152008695,1314.3814001993214,12.1069282810318,101.73470851898513,forest
4.163613334407555,9.244338845574957,1379.3124014014604,11.829858442787945,180.8380564316965,grassland
4.153721604213263,9.252486543407436,694.9227413378119,3.2848133799913364,79.00344430172595,wetland
4.156951602671843,9.24716298833164,499.47588543583544,10.702191331287585,41.666300341946496,wetland
4.123877993859622,9.268360210214269,1409.4028305611118,20.608980703530044,22.98052133096882,grassland
4.140956255466824,9.291924993084777,272.5452047028127,10.886191273326766,231.58144510056673,wetland
4.125643269417281,9.264397505753378,898.168458794224,11.36998908020857,176.5724881898743,wetland
4.1214907208072145,9.242804608683274,1152.74171478509,32.13689905721474,232.4359297493974,forest
4.125926763694488,9.269726620488198,1023.7122982129895,35.140212919772075,101.41423472150335,urban
4.1673284893341,9.291011282256864,639.1481499645499,19.84576219373143,175.93753202576877,urban
4.149433139360503,9.291505024807272,960.8421877656363,31.495987840346377,130.87893219264862,urban
4.173434603819938,9.271764099826635,1217.4079461411388,9.302552912812333,269.904821039026,water
4.154246628553997,9.231797015716316,1493.589187564213,5.0523629755282675,228.82892227583943,forest
4.149058310361129,9.272397033751227,633.2948781359398,44.557616444823815,160.64132909419365,urban
4.15729962809728,9.280641269108132,1054.7764132561583,34.931023242621286,68.23511070888736,water
4.149550060743366,9.237525293436534,579.8588620953578,44.635999675074196,32.927791203636694,grassland
4.161990345240698,9.25227091240063,402.262439126072,37.04840444020211,107.65521471283766,wetland
4.174726361250175,9.286520265308638,928.5801289262596,13.487197297639817,242.80947579155247,wetland
4.1374119635823625,9.228414115071509,1455.5136774655132,22.191135969383836,242.6246852362126,forest
4.128688762768514,9.224898131849818,514.5306109334991,13.291131961422272,342.56120280489785,urban
4.123117407052256,9.290517624453825,419.5742032637528,33.07189771457053,36.11050191156458,water
4.145903438411674,9.24824080475814,646.3194755557188,5.965382539706006,62.52377896913448,forest
4.146618930954864,9.21874762216635,1476.6965458547145,41.80557779067769,225.11735840763998,grassland
4.171387515270139,9.284988363008324,1212.646555108297,38.27111911473274,73.71676480814281,urban
4.148658352382952,9.26788506892564,1435.177318355209,35.128633491168834,68.15810929004377,grassland
4.134740040911271,9.266296838701674,407.74325972465397,30.71860168184131,194.76441301416384,grassland
4.15235992352231,9.268543742151696,935.8207743517241,7.8794515184324005,182.4556535652706,grassland
4.13345657735285,9.217443733569443,1398.422004548495,14.50172430266414,26.855159680266404,grassland
4.129110289558502,9.243509156214937,763.1765933579612,5.0731636836043865,108.11110270982367,water
4.158325955640466,9.231721845201621,768.3060412534877,29.90067358376946,289.97176151075723,wetland
4.174349940493368,9.232152403469328,207.5268671299063,29.531192157658747,338.82903088996585,forest
4.153122490525114,9.298250578069451,1256.0531757407336,5.033387795013155,35.97831374835526,water
4.152651954362221,9.272361729342874,749.345160796841,29.358598101258558,84.01464463757823,grassland
4.148040794024338,9.223724594486098,1114.629794277198,41.729426414535844,231.72459556992214,water
4.159918540118714,9.296158055480902,1056.2958735705233,1.9931336975444176,283.51913406485676,wetland
4.149720077935836,9.216996379869155,479.1507345911323,24.347643055891766,17.13895045591122,urban
4.174356917421515,9.288033050571698,1013.8606243214788,29.07704099588794,38.23463083196171,wetland
4.147789280422324,9.273108045760837,823.977933802483,13.920535408299907,197.28179509782265,wetland
4.1727854075090445,9.259742364838745,924.3595314462385,20.9951535436523,277.6917666158769,urban
4.16797104251979,9.243310678858217,802.2916781898766,15.024047226239249,116.05110125144047,urban
4.138682294515541,9.256490192369787,1281.011647677177,6.028207832786863,130.16907590160514,forest
4.167211241496797,9.294383071406592,696.2795482998489,23.740791049987088,248.53306512697208,forest
4.176021240956569,9.270409924778088,1135.6111221597039,23.139196508932525,122.23338348031332,forest
4.1398069141602685,9.270964016798786,951.8591802649147,2.838952225503885,97.38021704068505,grassland
4.143450929297426,9.232155912235525,831.2967847951115,18.74932623258485,105.67335970872277,wetland
4.157816501690109,9.293753935920096,1391.893672059688,40.31712097584289,43.95794104408114,urban
4.15059234886949,9.266063187709268,489.47148946075106,34.79202594688992,3.0243621623734374,wetland
4.155380753491546,9.275487570096868,696.3710621118869,19.598319518188,22.974613218784977,urban
4.164186491894825,9.296472378593442,484.4889569204352,30.876993207664825,13.137755992407927,forest
4.139424752189539,9.298305974365334,919.112725946385,44.73126138183635,16.401649352013212,urban
4.132227175798167,9.29405666847348,253.29467291378194,11.033023004004459,65.4737788451281,forest
4.145421432754399,9.28738727179518,1189.0954395634978,28.82893205397379,193.95456570690413,water
4.146073226885055,9.285302674005907,1117.6219951116595,9.495447580365319,16.235378896684793,grassland
4.171194895733789,9.276045436965587,1041.9096791474485,20.592919585170197,132.2725443182228,wetland
4.1600235467982465,9.264807533409257,379.6361143413815,33.83969960507642,322.0358988462066,water
4.170165287891083,9.291205126369727,1276.5544962939723,31.76886268666372,268.76706501880875,water
4.1387215674465345,9.242878879953338,1012.64766772764,30.163713197404196,324.0774272102735,forest
4.137268862347685,9.237438649846235,1087.4399816022394,7.990936085667616,9.898101918307049,forest
4.134967125383445,9.218508705888956,767.5686700733356,36.84560204456094,73.04654240430467,forest
4.129769276317053,9.226631452543145,293.8518928774944,4.25683274806401,45.088090590153435,wetland
4.140124598338808,9.218249362194326,291.50453487044575,13.942830913878563,341.7921467997856,urban
4.1749088100814635,9.229274660472083,1458.5248440359842,36.97069321126237,260.07440234756416,wetland
4.1749147219330105,9.249399471802688,522.221453651907,30.347907101589527,234.59266169001938,urban
4.135745149357104,9.288406894955598,339.706118865228,14.197851555271793,80.78137360190505,water
4.125710458475394,9.262940017271891,743.4613756058654,12.119638059490287,61.30294786619737,urban
4.1677296102196415,9.29767995197206,669.7303118863764,16.30523346521285,271.90456236339736,water
4.139621612658733,9.268541322034867,677.479153142059,6.366898511193021,165.86273641342913,forest
4.154165440306158,9.235398295346325,1138.5155408230062,23.856047622927775,248.58612703105794,forest
4.171921188840056,9.257646525043,1152.582369827382,27.570380908636825,277.4333596938897,urban
4.140904916661177,9.2551097077021,1164.6469929715722,26.225197291980145,114.55743853268082,forest
4.144003859924985,9.265679729082112,635.8499108944643,38.999940609910055,358.3050860928865,water
4.170105216904221,9.26421016057501,621.3517099230296,40.07027438356587,224.57986051984355,urban
4.135286732747079,9.246518265603077,638.7251331437395,14.833224168558518,160.81288177938038,forest
4.156942747718291,9.21845708058613,575.2014774530257,23.863156098343406,192.60647790606097,urban
4.160698487902932,9.285273441957665,349.5871711242314,34.854168624421845,35.20972431298236,wetland
4.158965277276366,9.23079983954114,826.5455593059793,16.2171456549093,26.35347881336042,forest
4.173243603159466,9.24743144467539,1056.9450031383449,14.454626608044219,217.96851140293126,urban
4.1280034200073,9.255594881681771,462.4841717219911,33.18311437481983,228.6250787830458,water
4.141283763128735,9.2702315546673,1454.3796160964202,33.40067695720658,313.08366740807094,wetland
4.125375322503371,9.284824935638719,1108.550165927764,29.82941198954671,230.22574794319752,grassland
4.123565262375502,9.252456680975046,579.9232610601837,28.555265396421543,222.40660821514987,urban
4.145573343196709,9.253208633436904,1364.7047474392018,17.367716062219333,331.2409269963547,wetland
4.1379987537105105,9.284129228390277,486.4252764412326,29.640397771302744,341.51097898151556,urban
4.172314937898985,9.24302885171122,795.4146206200076,20.78914790649658,11.641383176314521,wetland
4.162720283298796,9.274089861085015,1082.7329735028989,31.752992787360242,332.5041727687996,urban
4.175720856322941,9.24476020088662,263.11641154215727,34.62013317769809,239.78073695600767,urban
4.166524353473985,9.284694135493082,243.80558504474655,27.942839949928135,15.524106942207192,wetland
4.139548422752253,9.283630876337845,1079.1997224427791,37.325984907673146,203.5171513875067,grassland
4.134389604429236,9.24838694222843,340.11730988457555,0.45823802770972033,263.9714927887526,grassland
4.141547203061048,9.227775265934648,942.5526721537755,24.56088520970677,330.1286397200197,wetland
4.128887910535565,9.237357145267115,344.7021310555881,25.113049310375654,304.385641651179,forest
4.126314134902194,9.28241256486914,1347.6422439357332,6.904897292367129,92.63597140082578,forest
4.139977202455348,9.26476128860405,586.8641624811587,1.588454608286352,108.88164709477064,urban
4.130404439125803,9.27747508080745,204.1856788164967,28.539651158142945,281.4675553942221,urban
4.134235101925258,9.229587325612979,1008.6106378717453,12.330915533700583,244.28106449123717,grassland
4.163245425551196,9.268759921369856,1380.3774438392093,11.040136949951368,299.2956866962568,wetland
4.172117181306507,9.246087000036615,423.49075666688964,10.801625739840913,125.87145754143529,water
4.141832988389662,9.293695172496024,1422.8073225011804,5.5771650730823685,353.56613602038817,water
4.137418291103237,9.222290518175177,882.152466694546,15.300378884363033,232.1355335114776,wetland
4.141314263707377,9.279688898184489,716.2731800182748,7.697009502432106,284.71927181691086,forest
4.130271195439935,9.299169350872045,1261.785915197897,23.907085463152224,102.3628019359907,urban
4.1514322947786795,9.28312474127589,283.70662597510426,39.36503050155615,257.95842847758837,wetland
4.136613454714439,9.218757183276074,1059.8423211536756,9.976908074394196,173.6043249349096,wetland
4.135544861254552,9.267719307064022,308.2792272964307,2.757311731844399,321.8512010080743,forest
4.144047280828548,9.291163243382604,316.2949912347289,19.74242759182163,32.09795555905792,forest
4.129571719222074,9.23498836705584,1040.3548564019397,17.119023696262207,220.4122117461477,grassland
4.165759772173135,9.27333960427411,700.4088572508306,17.720300953341564,47.616297712560915,urban
4.130652967748538,9.278114404849042,1251.9785590584104,28.93902761912322,279.79221591869765,forest
4.139874865761328,9.24486993557087,917.8979093705817,9.737990473396586,299.9500232765403,urban
4.143234145248197,9.27903268678136,352.574905268139,22.571470319149796,54.278446785167255,wetland
4.132794922778475,9.260916656221976,262.61950698287563,37.82232036900826,52.0438611529628,urban
4.152536685059101,9.280509337355062,1021.101811981914,35.530641401804566,149.47649040581675,forest
4.140263454902075,9.262259442671679,1153.737558906677,18.184294010968248,275.9449021272501,grassland
4.131542806074167,9.258413979904176,1385.3167813669515,29.80880057841527,217.37221031280313,water
4.137685939024319,9.269454748492146,1099.1602093594415,29.1455201692214,102.83887217178841,wetland
4.171094953656446,9.235064892171403,719.4029197920589,1.1441265150050228,98.27470649485211,water
4.151824968726473,9.277571126943798,1486.4722771202255,27.895037601220004,138.80958081445962,wetland
4.127107220146817,9.268815484912887,1407.938644541237,39.271607671701545,139.29317395410214,urban
4.1233337439908775,9.25053621754365,706.6377428607645,29.02146041274761,331.1688943232348,grassland
4.155953573878434,9.273605963783845,698.9219118233484,30.296363839918982,150.98100435768222,wetland
4.122336907636813,9.220119787853003,1237.773861947304,35.48660306121769,64.93589842881829,wetland
4.166114253906493,9.236951412978907,1063.8143269119714,15.782797163314592,251.22288040113912,water
4.166396550169057,9.249141493136188,1494.5069103482554,34.79028865022449,187.55258441889552,wetland
4.143741383235547,9.263931151512546,830.8888335578154,26.696189647979487,33.50098644030576,urban
4.131840979913183,9.214398865276458,946.5679667710111,30.45462049570679,288.047704635001,grassland
4.140155013750626,9.263141490086971,226.53684499929795,39.401135044006466,351.69004720161746,urban
4.122689214753431,9.23888853776276,1466.3689976811502,27.011938008635706,139.78033947416597,water
4.175179585087463,9.275901402779912,1374.6742174229028,35.00463755039993,61.068701270565406,urban
4.1377458917761265,9.22099435455899,804.0633740370034,12.045280253738937,164.0913826389043,water
4.1639592855868255,9.235267225320289,1473.1833595414948,25.322826960245482,331.0859743536731,water
4.128971477305572,9.27644419305222,420.61526986598415,6.28233204649178,226.81735044420864,wetland
4.1654217740755,9.277072158372738,465.92148733074646,6.458038796294878,107.86884858608052,water
4.154917371723604,9.29320302961995,424.5093772128322,37.018374463520274,89.69538162636358,grassland
4.137212010623911,9.279659026782747,789.0946557491737,38.38375148280167,229.20823083466826,grassland
4.173186870379338,9.23225745043672,1199.1660233247915,10.469851856145771,114.53797709798,forest
4.1286044473548245,9.250838127573626,366.0502289897304,16.620081687473824,341.8771395099956,forest
4.127490450722583,9.249095338597437,693.9673898729832,38.00339066680551,145.4912520410821,grassland
4.141355984357016,9.23045836008259,897.082699930389,38.25800990133607,82.10274354578424,forest
4.124866702137515,9.289596983796077,286.8773253535976,12.83324486158138,129.97940723722158,wetland
4.174007877640441,9.242173056848431,287.8783176419968,18.58285072393414,248.24783691087558,water
4.1715543128488575,9.22579723185802,378.3531681782573,44.56337619092146,341.93556076450704,wetland
4.125975260927999,9.281341376223116,1376.9065046744242,5.0882201434499335,16.81531501186356,water
4.141275633329675,9.289802798093424,382.6151398833419,17.62009088971773,185.09675306491175,forest
4.139222456692268,9.225749918311186,449.82202959581707,7.165209840388448,115.60856782576874,grassland
4.160384261680001,9.286689545226606,420.2829267771511,18.000669725199174,298.761286313489,grassland
4.138132723053666,9.22047909813651,813.1429308785182,11.02403822542434,67.89384956035305,water
4.144485130581701,9.243803115499762,604.9602966276207,18.92151735166782,210.52413831358578,forest
4.1459829697225254,9.219981415530748,1349.230519642495,12.440564266026517,95.62005961479875,grassland
4.151429990859071,9.22033980442389,564.0644015176481,13.264764189775798,195.10615959567565,water
4.171535480244036,9.269673121348564,332.1664142146817,11.438008537532909,84.89850971994352,wetland
4.163097896529733,9.233243415673133,922.08832498916,33.478560081262216,126.21431879756042,forest
4.158246401294816,9.23379626735839,479.92250371439684,23.520151025183047,287.10919408382165,water
4.1437256897836106,9.256532665290015,1224.6896680257373,34.103410692430906,239.49153989001917,water
4.1496795359991605,9.232377819906528,806.7224700225652,42.894521550657586,265.780619946538,grassland
4.153722177840442,9.284375577775982,785.6362919361891,13.608411651427451,278.42414204796324,forest
4.128841968213712,9.273631367602173,1136.6557690043905,32.7129564169692,70.875325372995,water
4.144982504526628,9.27219959194458,944.3359377213304,31.768383722595967,280.87610859998114,urban
4.144409201690955,9.28110677691031,746.7138960717937,31.643436999833302,156.56914057371776,urban
4.160566812211108,9.297734507251626,781.8146772388211,24.379439267425173,312.09932822288687,water
4.157913209330618,9.295020811320247,786.0960208867816,0.4589486305902285,276.2012532303771,wetland
4.125083854566162,9.232612777076637,1373.4546293325557,5.497354988439859,287.8350771539047,forest
4.169777421518243,9.292905291747601,280.00322429884795,25.020178840112536,104.96260560939488,urban
4.129957578381534,9.277259484133108,1274.8894043058028,37.781681740883904,6.852299519699048,grassland
4.173259178398885,9.261735711787171,479.11875902970905,19.570322644651732,47.45642764761754,grassland
4.139323344921441,9.244050530332007,778.9425984998875,34.00731011581279,205.26941100196854,grassland
4.150363349360467,9.216660028693273,211.60333398873988,41.760568338837054,324.543986672183,urban
4.16042616508994,9.272929418680384,918.2389426002884,20.281933174643996,55.647281873920335,wetland
4.158960032435656,9.264973948105169,448.7279406320615,41.87802503601704,43.52512110183493,urban
4.145626233804218,9.27187338762097,1176.843424937625,37.24946486129222,323.8203342903466,grassland
4.1604164842281435,9.296119442028926,1166.1539501269394,7.548257225976017,57.61408931435626,water
4.1647357309267345,9.238893748139073,287.26707823067983,34.56611317139921,316.01663083389707,forest
4.123744489270595,9.249337961588155,885.1563950228293,42.5963308908196,233.9873713934296,forest
4.1508502451567715,9.290091205158808,1286.437554647652,29.779325747414628,240.78249627138854,wetland
4.1377635290751344,9.29691547103314,926.9930721563284,9.86244096346167,233.3923937605401,urban
4.133370705922785,9.223568384270338,795.8764835340221,33.40346987933349,355.7816838173487,urban
4.122578656977243,9.235051583929168,887.3602876534401,37.45789223281541,233.01310669450663,urban
4.175943798067718,9.291117361981815,264.08329665242917,39.427863045784214,109.12369293860816,wetland
4.142256022852129,9.262525400656845,1423.704979086129,23.167744603792286,297.627855401412,water
4.1578682118229615,9.2808615459969,540.1907321340161,33.830520439945765,84.54132832313385,forest
4.154512324656748,9.26247697686877,638.3371385342991,16.31311611776607,149.92326636861262,water
4.172806436508008,9.261245315465958,1375.2790277132485,37.38297966103007,151.71235268586727,forest
4.127290810147783,9.29092826640976,1474.7880574427763,11.714589170067725,173.02619822105328,grassland
4.127649536638233,9.296024864468375,1374.213164995721,5.590307569150294,104.22773305420006,water
4.169356883018446,9.262275385637986,457.0189080100725,6.995518571555569,297.89083171080404,water
4.1685772943572275,9.271052244537335,1319.7961105123397,21.232108909325614,113.95261705692045,forest
4.139401029658288,9.248050371713376,453.3336619041911,33.80857750269317,47.7842113112846,urban
4.139826970259297,9.290641695809962,880.7230628416067,24.97315452118992,148.04628480106706,water
4.170626811633712,9.289583113482724,894.6491943427634,18.009976276270592,203.646107340452,grassland
4.124639311748744,9.269916465794303,389.084361029359,24.700556199291842,333.55686493971217,urban
4.149753831704241,9.24466057775654,1223.2418641684658,16.835435572167405,200.00889275708212,forest
4.145616679863739,9.220009357870271,1124.9464405830606,19.060547442112124,44.682714837192876,forest
4.156414563763165,9.289426036917027,325.2114965431452,41.17877039661163,308.49897750549036,forest
4.17588509956139,9.289618784879913,502.75903235491245,37.1718887127569,25.72344796972045,grassland
4.134270906264386,9.260627278256747,1485.6568337419121,13.662395665646,257.9505472828063,grassland
4.1682553841972005,9.287416099723274,536.5918463555934,29.91995942076699,57.40291616284458,water
4.142318893407766,9.217647240387937,1434.0884983999515,12.99388978790426,38.39647882668385,water
4.137075174393356,9.230005149484489,1142.4920752896157,25.777360918163428,65.81979094200311,wetland
4.163788544995928,9.261447787278712,869.0673900740579,0.37003280756016943,189.67596597391545,forest
4.1568455970931835,9.297225945634334,369.85451639515685,5.90330103766861,230.47038038469847,urban
4.129037923102718,9.285392511347013,1251.843112028908,39.58500537696057,304.43058662517814,wetland
4.148637789199118,9.28492405755959,1243.9801913951358,41.77092710965205,273.7933720133877,wetland
4.174842515969172,9.220543217708633,1259.4507206982714,42.03833100358577,253.82451993917553,wetland
4.126554783676661,9.249210039392086,799.0273408066747,14.393789994203926,43.44257703048282,water
4.132955903436806,9.256436623630034,1045.1148726710162,19.98046428210639,93.08462797504231,wetland
4.136957973703001,9.264271101308376,1266.907459757377,44.65126467292781,194.949320155092,grassland
4.138231781416014,9.21750688767208,714.4969741699999,37.09493108733963,314.5751378413993,water
4.134438473578302,9.217690467734888,743.5208439879341,24.705540065539896,319.06928491425236,grassland
4.148086676418557,9.216184872392988,1418.0928294026928,21.941994919574633,327.32335304077776,wetland
4.134676496249941,9.29195571072911,613.2039713069546,8.830194836897673,110.43221884315707,forest
4.138241928654269,9.226390129162017,235.56385502190255,8.448240168523837,170.14988754664552,grassland
