Latitude,Longitude,Rainfall (mm),Date
4.147341033377449,9.286523983695673,179.7428660549409,2012-04-20
4.128433715208638,9.275865444801882,193.42082911843204,2012-10-23
4.160805705349459,9.279300864297321,41.69615657426517,2016-11-12
4.168975450801996,9.271115575421028,109.84601095848625,2022-01-20
4.135815743377982,9.26216997531705,14.506986063468485,2010-10-14
4.126101947449283,9.240316837168386,166.7759149070066,2014-05-15
4.172485949657787,9.244171624907153,225.3475485683455,2013-06-12
4.157618205087479,9.296217897626109,49.960894422393274,2010-06-23
4.122741158298601,9.251325658424163,249.4988654770668,2023-09-02
4.169457456118141,9.269005235692912,274.7438172134773,2020-08-07
4.121744693543519,9.284201740539753,276.75687486174127,2016-07-12
4.139636641439218,9.29553171829971,15.153772326772952,2010-03-26
4.161768945321767,9.256107840383036,106.11065598865514,2024-04-15
4.1280693767984875,9.262535907638107,246.0736471809877,2022-12-23
4.143708255715459,9.275229658673661,39.41849989024927,2021-04-20
4.134267508829452,9.227245295370446,3.2639510153368745,2019-05-15
4.164263138556252,9.247986847103872,95.2085939570438,2022-03-04
4.1631834315884175,9.219402830381606,162.56683897276687,2015-12-21
4.1558043503293085,9.2310592878614,126.2109010763066,2024-05-31
4.134420838550576,9.295249868557377,75.23711934178505,2014-03-22
4.123692508999799,9.277063790712909,203.05898425965242,2012-03-15
4.156494673552268,9.268055176311702,271.13610343196035,2018-11-19
4.143222127966044,9.27121608896454,111.41220516918973,2014-02-18
4.1687937079632205,9.270233625953619,80.18411814657085,2018-10-31
4.1242669398487495,9.295306801434117,230.62889884145486,2011-12-08
4.173902332601167,9.237776518770321,286.3542117943518,2017-01-03
4.130594050129261,9.225718519827971,94.16271111486576,2023-09-21
4.141246392103001,9.279039308930464,15.249270544046878,2022-04-28
4.121684015927065,9.296721860039428,172.3556959447676,2020-10-17
4.147596697827036,9.220529288745631,0.5914023222829634,2023-08-15
4.165884597955587,9.225228331563045,205.00776101959528,2022-06-29
4.155902009729111,9.25511738482857,275.42797293331205,2022-03-20
4.1221085449331465,9.241622626195896,189.94392865233684,2015-10-12
4.147610072535051,9.287033469059939,21.830477507104483,2020-03-21
4.150208712942117,9.295881248221912,1.2955655243467756,2013-10-06
4.143489507442837,9.293688371751633,193.23400218129632,2022-08-21
4.134200423884279,9.233316697920541,259.33366886941536,2016-12-23
4.146485817634576,9.252363129172254,145.01377442814245,2014-02-10
4.150541935991723,9.230117869536073,96.10257709711063,2011-08-29
4.129301934168239,9.290439118836126,295.0101712310983,2017-11-08
4.125898269497211,9.290221726245445,97.82389965031209,2021-10-27
4.153771292295654,9.253534852838012,17.8105308404906,2019-06-30
4.154507034814416,9.250972874257155,30.245996384616614,2015-11-17
4.173740955367219,9.219055967524017,216.39428796116238,2020-07-14
4.159345423060718,9.218555717495919,103.07296490839526,2014-03-02
4.166250884496922,9.262315887979888,5.015426044031768,2020-08-31
4.132447500213832,9.226564972831124,226.38375176461102,2018-06-15
4.136528263642199,9.2862998940189,201.47397068801595,2013-08-11
4.150625092920636,9.297435863743537,193.77265523522252,2011-12-30
4.161079761551286,9.286192009128555,36.54084830772917,2011-04-18
4.140534366955818,9.280246785688538,119.73446655725063,2010-10-01
4.1338461410242955,9.226886613289095,62.69120790046294,2018-06-12
4.174891443118473,9.248998208154692,276.4684655671692,2018-01-05
4.163182604011147,9.287401943497976,224.89449691320382,2013-11-05
4.12579807857664,9.25278334067157,37.032493457587826,2018-06-26
4.158304992618142,9.246588125422088,55.34845071327156,2013-11-04
4.135060070183804,9.276980318325107,78.64846906084901,2019-05-18
4.124900817020103,9.252339666061316,124.23575334737042,2013-11-26
4.149480505234436,9.288596986528741,107.18468137503574,2016-07-08
4.158106204411236,9.281946209103797,48.418936736250686,2024-04-10
4.138647643678015,9.289023061431028,10.676219295552713,2022-04-09
4.135256401186489,9.214917127751342,236.56467681682983,2021-01-07
4.16328923814116,9.23042221090414,90.74727552418591,2011-03-20
4.1523890526841205,9.266048727874558,126.16193686223822,2022-12-09
4.173236854175538,9.231266568662631,93.52099091392934,2024-06-15
4.174312388443482,9.240070811006948,240.0714475127695,2023-06-24
4.144039731713363,9.275569593639288,6.032751847401652,2012-12-18
4.164969646752362,9.261341964679467,218.13630891560732,2024-01-03
4.168210631584026,9.287825543356186,172.31743636192672,2015-02-08
4.128112455749327,9.275989436732026,280.15267698464555,2012-12-19
4.175745400539391,9.291547512957134,28.002239879656898,2016-01-02
4.127341884876844,9.242969454562799,60.30219611832981,2010-01-03
4.133894583727134,9.238928670474511,164.3392497813599,2022-07-16
4.139289325001285,9.289249602152116,32.974995128261256,2011-01-08
4.123345677287144,9.270097133122018,270.7932721208978,2017-05-14
4.175331182359608,9.251083882650846,177.21712515746964,2010-09-24
4.165303344143134,9.24984294986912,192.3542463207721,2022-05-11
4.159378829396545,9.290187898020255,279.5772027735899,2012-04-10
4.126392718686236,9.248513247887281,291.1120830349724,2016-03-06
4.160213571927295,9.21799151843642,86.52450135650473,2014-10-25
4.165175630440168,9.224764601106191,289.99995972245785,2017-07-23
4.145675893194323,9.273667914506909,289.5561687992652,2021-06-15
4.135456650410124,9.225301318187203,67.38019674837344,2012-12-16
4.144459397327094,9.253215945680596,99.15648351292917,2024-09-22
4.129803408548443,9.270716469111477,238.88597245003393,2022-08-22
4.130137234687788,9.246823763564203,193.22563534901516,2020-10-31
4.134589803726239,9.21922643010089,291.1152060107679,2024-06-12
4.127404316226851,9.273120075703833,45.04321971043607,2020-11-14
4.1656204572886315,9.263332498676743,289.64897317411004,2020-05-03
4.145318475328606,9.28547074225639,70.16468058042274,2010-10-29
4.123514173822909,9.281632722204899,171.10208344747417,2010-12-29
4.162480753973054,9.260434776895126,245.86578298851595,2018-10-29
4.142172461334696,9.235312273576206,32.55041562230618,2019-07-01
4.141791357855074,9.273188745427943,162.92570572741016,2013-05-19
4.154697836906624,9.214492473529898,250.46098411796868,2015-04-06
4.1218103554596075,9.281204192061606,47.44979913385169,2012-03-11
4.159306114775052,9.227143859581842,244.12417968896287,2023-09-29
4.162449388202332,9.271517728627096,185.98455467579666,2017-10-16
4.175153872902793,9.240430765082456,208.6686948535398,2020-02-26
4.142418215568002,9.27425813971701,100.30260051363527,2021-05-16
4.171019520541837,9.224088246239521,98.34245180482407,2017-08-13
4.1711276230197285,9.241710805691763,295.27681927018733,2020-01-25
4.138185010976876,9.242052393786626,245.4943326918999,2019-01-28
4.132201277018087,9.291677613421014,25.602333159186763,2017-01-21
4.1630499195245,9.299182917700286,85.19111016634683,2019-07-27
4.164181083316649,9.262904263628105,252.17688963088,2013-01-25
4.151250452507189,9.227081673524676,203.48029952949298,2012-09-29
4.126492918990635,9.222104144575871,154.34438459228653,2013-03-25
4.164029876293812,9.221177263793988,143.11147002453865,2018-03-22
4.1490631294006315,9.217127702521159,286.7284691717324,2016-10-21
4.138972451390841,9.281006513995967,18.07533824081633,2013-08-31
4.128447243011618,9.295994564992705,178.22316227149685,2012-12-21
4.1328179122614825,9.252163613121686,276.008916717807,2011-05-14
4.167558905846872,9.226286871406565,163.32222745157767,2016-05-29
4.135492052387518,9.215667069877881,16.955647783688754,2015-02-02
4.137002400876282,9.216594861793274,61.727291725520885,2023-08-01
4.128875520055605,9.235672366319873,251.86236104639266,2017-02-20
4.150049707991696,9.288931945939751,146.00945098508544,2015-01-23
4.175983693989426,9.23270936827404,26.109047875601732,2022-08-09
4.153105980358851,9.273482836050599,211.50852889310164,2019-08-02
4.14352662286654,9.294065832302593,244.7229199295218,2020-11-03
4.150613553674887,9.246443922851194,38.86203553038673,2014-02-05
4.133013629499131,9.25752203577224,250.57662827781863,2018-05-06
4.173957325769115,9.27170085989174,20.59996706195937,2018-11-14
4.125453075392929,9.252769159195408,140.2417819875579,2022-07-20
4.130950098361814,9.256868792972751,11.940119354390122,2022-03-01
4.125047932603732,9.27935994220964,296.4580718630495,2012-08-23
4.172760790505049,9.27220412886973,42.94810129721181,2013-11-17
4.1736481445728195,9.275234753316917,125.21176294910563,2010-06-21
4.162578192517503,9.288145625777902,192.91557896084464,2022-01-24
4.142849182924606,9.256762717408836,290.7397000270055,2017-01-25
4.129376946300316,9.274929921766919,169.74133486256554,2016-12-29
4.1531881470610506,9.295402688497116,141.68855370804937,2021-11-22
4.127112068583631,9.26501110913337,239.82007293598969,2010-09-09
4.130445604110858,9.250902523035915,90.5703830447505,2022-04-01
4.160344293478834,9.293282080362117,241.05527437079525,2017-05-25
4.159206302373455,9.256051959195654,155.64023027461036,2014-12-17
4.135154775200493,9.240962363460028,219.1050774166675,2010-01-03
4.1248597843348085,9.239050705433609,90.11732346860265,2013-07-01
4.169472115714593,9.259379028589072,136.95962837686866,2014-06-18
4.162648512057816,9.247245004049958,16.552317873215173,2016-09-10
4.165204900817798,9.22069671769654,288.7558567405879,2020-05-24
4.13387523825446,9.220046143295837,284.9820295411896,2019-01-07
4.168547963075031,9.217770044616188,127.82834016760215,2014-03-31
4.1750936349242584,9.241588496643129,266.35238165023526,2018-02-20
4.148133741638867,9.253818014830564,214.17816450206868,2013-07-20
4.132017565289225,9.255577407545767,158.9320466291127,2014-02-06
4.121494139950099,9.229523723527482,259.4005316542889,2023-09-14
4.143430553498136,9.288728094769413,55.563133856050605,2017-07-06
4.14608789473362,9.269115864933532,186.0591031006231,2014-12-31
4.135124616503485,9.28698462276132,203.63962329065254,2021-03-10
4.138652162674007,9.263708954182142,254.92418045678414,2024-09-05
4.173774680929476,9.254456221713093,108.35655105409361,2019-06-21
4.152902355042824,9.262051709472265,143.40261600798647,2024-11-21
4.147620211122875,9.256250416286859,14.93309328051332,2019-06-22
4.171827669758866,9.238250117192944,57.45672980103814,2015-12-12
4.125210218990801,9.228185711408393,130.44228833539378,2016-03-30
4.15218469547703,9.249131085288345,136.31393287629035,2018-10-09
4.1423638005970265,9.26045152449111,261.5489060948659,2021-03-04
4.138308295687177,9.215346988782535,193.02382896891115,2022-04-19
4.174603434977043,9.2405672938321,17.05015936373616,2019-07-25
4.1632183345455065,9.232714932847129,225.60476547403704,2014-04-15
4.123744786775436,9.252177547479246,287.56052754392584,2015-10-22
4.165051065742397,9.296745315984545,232.71412408204682,2022-11-01
4.148193539739473,9.227264054016224,4.547514369910843,2010-08-12
4.13836788757088,9.281602243980233,258.2519656384594,2020-04-16
4.1364674401764105,9.252834942412273,247.28149968596747,2016-10-27
4.146252470780459,9.228937166734665,23.913847229617613,2019-10-26
4.1331513494746215,9.240721601692657,142.15218979293115,2016-12-28
4.166227305350381,9.23914012868123,105.44619277452412,2013-06-25
4.124584080122884,9.223201679589112,18.075677872238582,2016-12-07
4.1395564149095065,9.261378805246668,194.62033581814114,2023-03-31
4.161527878766741,9.223239614966285,28.332874373578633,2023-03-22
4.140120699391105,9.270532467136706,145.22641987158326,2020-12-18
4.12466457851439,9.217655552213667,54.25238844985165,2022-02-08
4.173080787013614,9.270397354693289,291.76857534749115,2011-05-16
4.140338706354814,9.272845452243645,280.478673719479,2014-06-10
4.175972548711763,9.290562693910932,148.4071138178087,2024-04-23
4.15521124911651,9.272487266866182,235.46984506952703,2019-07-13
4.141460975818042,9.251580664359139,49.372769517649374,2021-11-08
4.167035226948346,9.222414721897533,77.36857763791596,2015-04-28
4.173231605464006,9.298820351359703,87.21760490543015,2012-10-29
4.159056329126019,9.269560460948556,290.80154500230447,2010-09-25
4.157716540378993,9.255513693288988,99.99404917724539,2015-09-17
4.122794842250002,9.293272659535376,166.34841133774603,2014-05-07
4.173974469916727,9.289414675026336,107.73213345940704,2019-09-26
4.17361692007749,9.252899964113332,255.34640619234307,2012-06-28
4.159830506277739,9.215410629750176,252.12301686344765,2010-04-16
4.145551364552789,9.278533378691424,220.03108611935954,2011-09-10
4.160803851805923,9.285235227611677,114.01456089224814,2019-12-24
4.1364178569282615,9.220563360693419,68.47561602837,2014-03-23
4.162796483575001,9.230107912735713,5.116770080512167,2015-09-10
4.154023715251101,9.235511337977194,220.6638402431732,2020-06-16
4.149001014658445,9.233468428260437,187.72158157080167,2018-04-28
4.165023570140087,9.265073428495425,288.2906480091211,2010-03-11
4.136546550558324,9.290327129567636,173.39173044482496,2013-05-09
4.162868396516264,9.29725757598966,144.50756196455507,2012-11-05
4.135500489588592,9.29109311843477,177.63475393865815,2013-07-26
4.12963021350884,9.297932721957949,87.82051696337803,2024-02-29
4.175994088712346,9.299497885030934,67.11425348899586,2017-01-01
4.139251499537119,9.2903503520572,204.2968646362573,2016-04-07
4.132565385338228,9.23640160462663,274.01625345706526,2010-02-16
4.13083394911643,9.254454521600227,283.04231153899065,2021-02-22
4.143012877278398,9.24188020456013,289.43482299043376,2011-05-30
4.125681685175774,9.236193369843091,43.19589492712481,2023-03-08
4.175271627118539,9.253997146116559,137.17711280113255,2022-01-04
4.170603011869225,9.257176040323724,29.89866189354077,2019-03-17
4.146412673569243,9.298662924177647,0.508769075989024,2013-05-04
4.157958696359239,9.258435583176892,102.4614340709953,2021-01-10
4.152436154419509,9.261410387942602,70.34948088214693,2010-11-08
4.123000432601907,9.231681495612245,156.97245895436228,2019-02-01
4.172062889068779,9.222005224333115,61.00706798710064,2015-09-28
4.164162145061994,9.297964086975766,200.14559511093117,2012-06-30
4.161406309083595,9.259001953016444,129.427326628644,2015-06-19
4.141161173636958,9.281582304280732,10.408852865132289,2023-12-31
4.171639106580247,9.293394689417168,138.2657037675243,2018-02-06
4.131035105475468,9.251529021252,171.05380638292357,2023-09-07
4.129147438459346,9.258052759150084,138.03224797950898,2013-01-17
4.125094543233889,9.24054885196828,224.22839092776948,2016-09-29
4.171606368664749,9.217383849426817,84.21084280057498,2010-04-16
4.151454930665058,9.254145832397317,107.4938815805343,2013-11-07
4.13432541499002,9.298525748381577,35.081521302141894,2011-08-22
4.157790192460516,9.226409910910014,206.40855465895999,2019-09-27
4.170167739674403,9.285710035726542,119.0486896810526,2015-05-22
4.1735423631852635,9.285731019623118,199.33966841725118,2017-08-10
4.135693730110346,9.214509568970875,271.62605025408675,2018-11-15
4.1341377389303675,9.219240910768182,194.66463788891326,2023-10-14
4.130280578471491,9.287139319723618,171.98018324012335,2010-06-19
4.133600503971521,9.240356468277323,230.65328684670914,2011-09-22
4.137465612363681,9.288949282196171,36.91782487013088,2011-09-09
4.1368160419579,9.265997957940634,27.431438534716456,2013-11-25
4.1725484430405935,9.21625047121826,171.31867573162745,2024-02-09
4.171196964031337,9.22874027976242,226.52574638351768,2015-05-06
4.152225965063385,9.22387810662793,263.28506254422956,2024-05-30
4.164114838523464,9.288850738902445,204.30675691313164,2016-11-30
4.147940724538153,9.216951590263191,260.38529387689186,2022-03-14
4.125652061367548,9.295410907671105,299.0732034824042,2020-07-04
4.175922414892377,9.237867507901843,228.01448842284685,2016-05-13
4.160742891560008,9.258728067012404,148.14082304737008,2024-10-19
4.132747969525416,9.292194860777848,250.78285989114536,2023-09-21
4.1456548006595195,9.224373475806134,158.72343355451676,2012-02-06
4.1279923267969565,9.224570745262755,166.35544310652398,2023-12-19
4.123734647533336,9.227298393300575,75.10837607008331,2018-06-02
4.127759007549712,9.298476895563814,224.88354889825496,2023-11-02
4.157947532981777,9.283763627284776,294.94037610623536,2018-10-04
4.158270483624809,9.289605128117646,157.20022718639947,2019-06-20
4.155865730787748,9.244539044405807,253.0318371375212,2018-07-24
4.1299549092573775,9.25280639726506,291.4573155840074,2020-01-20
4.165847589624281,9.216242280384815,222.3526526668683,2024-04-14
4.154439031226974,9.234331217082348,74.32039816998739,2023-10-12
4.142714763008411,9.230229627530699,289.8760471130394,2024-03-02
4.17045135647109,9.255109923821431,69.92360591023817,2015-11-18
4.132694804425232,9.292255323039104,67.78075691106518,2015-02-20
4.142372369238197,9.241077132733816,102.47164273612466,2021-02-04
4.127900615133612,9.250795045933348,287.00497055206256,2011-02-02
4.150074212178436,9.227134315711927,17.144486900330193,2023-04-27
4.141659714445426,9.239985235784015,164.6918812463301,2019-02-23
4.149184493483564,9.257846136287341,178.54280463730774,2024-08-26
4.146189836127476,9.25770033573337,162.65524442501263,2021-11-28
4.144192780595233,9.216721771734772,275.0329060201068,2011-08-12
4.168945611316936,9.232240165519102,51.82700816932119,2012-01-26
4.134661300866989,9.215818168015579,225.51248311088776,2020-11-14
4.170167433916844,9.217897960903912,162.5219135726294,2015-08-23
4.125816430037061,9.266148504135117,74.92168892380036,2020-10-04
4.1655229154549644,9.299193955249011,202.13869896790732,2023-01-05
4.1398265050287515,9.218966237903992,121.20990640224656,2024-09-13
4.171499540236312,9.218266189374171,299.29686743314767,2014-04-17
4.169001480199611,9.25913993258039,205.5394257714194,2011-11-08
4.1258409419282085,9.266115304168375,231.2922329624165,2020-03-15
4.12171355119611,9.275050373492578,159.73445351436158,2021-03-28
4.1675171673932,9.215715585358648,173.71751302112955,2016-03-21
4.1586930922564775,9.237979865729608,296.8683974592317,2023-05-18
4.156160851908191,9.286889499578946,76.2228719056402,2010-10-11
4.163906880500399,9.294996814357068,237.78022029746802,2010-06-10
4.1333949763021565,9.256894946941939,122.15437071558746,2010-04-27
4.168780131449089,9.232236712846202,16.427021179748824,2013-05-14
4.1760647357542195,9.283126757136458,134.7759569583832,2020-02-28
4.172763948601973,9.259396501726233,5.623153744303854,2014-02-27
4.145643460172003,9.246302302189806,273.55634176647646,2023-04-11
4.154426348308084,9.277863906048863,14.313471486623985,2017-07-07
4.165629061297307,9.260927730602983,190.9373468249583,2016-09-18
4.158997561634185,9.228118141717596,195.82752709947223,2010-06-10
4.1758734505787,9.25402638067995,178.43369240138608,2021-01-20
4.1546510410012765,9.221425896887173,20.950584273193083,2016-03-13
4.158288190482319,9.23240306946782,235.9668364675929,2013-11-28
4.126288842960746,9.276905677837401,265.07935111213664,2020-05-20
4.134089743158681,9.299644710370792,85.68447881882577,2024-02-07
4.142560919770416,9.26578207899353,206.41767985434188,2017-12-12
4.131353137310216,9.262861849673044,179.19840635031227,2013-07-30
4.141343227388391,9.219707937271934,115.62674399232714,2017-04-19
4.162338875594132,9.255682434804015,61.45880029316988,2014-11-27
4.1756448238500825,9.258954929745737,222.98065895267908,2020-05-22
4.121924270318512,9.221283323586043,254.33319745145815,2019-05-05
4.132561909948657,9.264838733029872,261.4479735664506,2011-05-24
4.153031793704972,9.24771850268439,199.6584277709856,2020-06-15
4.134268776674832,9.241496545659473,60.749591744458165,2020-07-30
4.126612957008219,9.25856835638427,94.45825464685288,2016-12-02
4.131087942890302,9.270289881083905,212.4673117784199,2019-02-02
4.121473177524879,9.297132696632147,144.33075310780424,2018-07-16
4.171946001374325,9.216340994113898,109.12760714925003,2018-01-22
4.135828122339558,9.225276904651992,8.783120736519468,2012-07-26
4.167299807123206,9.297229892176373,258.6992053277204,2014-12-27
4.149316972383357,9.228100779783032,114.51253415148314,2023-05-15
4.169344294429335,9.248077011229155,175.5001137824367,2010-04-01
4.160899913748122,9.286769295175612,173.4528293036415,2023-03-12
4.145601495192489,9.282023401763906,200.39637956758693,2022-07-21
4.167562185412031,9.270741003324552,233.36339374055015,2014-11-30
4.1433525440326315,9.267044014846434,162.48807366069352,2024-07-20
4.147927270862592,9.299884371522603,283.4242523432017,2011-10-23
4.153850834432909,9.220967186662747,274.62300734798146,2016-05-12
4.151310617486451,9.26424238299924,136.17567568091437,2012-04-24
4.165532393869938,9.280932517169964,108.8815592748014,2016-04-26
4.154579344677869,9.24632203127321,184.89649658395135,2016-08-12
4.148641299149741,9.239880598730636,281.4102040582075,2016-10-12
4.154927439380684,9.22754424480025,121.57100205014227,2022-05-21
4.142185776460455,9.27445384781972,41.22540354610752,2017-04-25
4.141768327999589,9.241241846813022,283.8707536089663,2014-10-19
4.154155371852963,9.22933901973199,104.22409561632746,2020-06-17
4.1581200413840556,9.264349814535619,86.20919067679854,2023-04-16
4.172767962347702,9.29048637253171,177.2251868228923,2012-01-01
4.172484676874595,9.26168968507491,234.06406090753387,2024-02-23
4.128609245256386,9.296844479717809,205.2491385710709,2012-06-17
4.129631716520618,9.255457593479527,66.40606793027756,2013-11-02
4.172520492247687,9.242897007234392,245.57317246483154,2020-09-18
4.144908511990778,9.254435088071943,157.35341579959766,2010-08-27
4.153764784566921,9.295086858381506,138.6112276734824,2019-03-01
4.146260836284012,9.28409368044169,178.69590814240078,2011-12-25
4.127139983052086,9.280758883030865,264.8595804624139,2020-12-22
4.1345580228934296,9.218435086032757,145.4498725191168,2010-06-11
4.169958724542716,9.228852212768768,209.68583616705178,2016-01-14
4.1484243055951575,9.238666937291272,54.24104597330176,2024-01-02
4.148601543658255,9.27201091173218,44.29890679684938,2018-08-13
4.1404648288301145,9.270967667976258,69.29963322258845,2013-11-18
4.124474901287036,9.262606488135097,74.41359619619374,2015-03-27
4.1343508236686315,9.299621085653747,13.904059548885483,2023-06-05
4.151575839840616,9.219135776482952,5.815839987143567,2013-01-28
4.170734234466807,9.225544062128227,126.55448489163739,2010-11-16
4.123463296278903,9.237849565504012,173.22302681237687,2010-10-24
4.1295709494068005,9.248155324200068,102.76431723401429,2020-12-24
4.138453148596133,9.224910655708921,27.822364527717657,2018-03-25
4.1314946547448965,9.243810920616253,146.64317090982797,2010-06-25
4.153137068491818,9.259736391631517,64.39700438662088,2023-08-21
4.164551529581113,9.214243828350135,87.58687118991053,2019-12-15
4.1403921095088,9.217868832425562,186.2616832505171,2012-02-18
4.136632103436412,9.266166292991326,249.1512245455741,2021-01-01
4.139145653759934,9.28819984654753,192.61549755851155,2016-08-16
4.162631640807484,9.240637363414653,80.62276370496959,2011-06-18
4.147815988025712,9.26642947137079,114.03514970246889,2013-03-27
4.137360133613671,9.258837020403915,126.02612347438347,2014-10-03
4.159116663970002,9.26489039465129,263.7991093051154,2011-01-20
4.141139081934509,9.23374014291316,264.9488682742894,2012-12-13
4.161980892494079,9.296702714863565,121.2558352933782,2011-02-04
4.158155748936729,9.22696411345978,84.96297069237086,2020-02-19
4.150297160797383,9.215333037747266,186.83877079918364,2019-04-15
4.163109376641153,9.268114489015137,288.2743928765287,2021-01-19
4.155645873868198,9.215727467934341,242.4019782581743,2021-04-26
4.163553526465083,9.219699792285196,107.78885266976553,2018-06-30
4.140242253678358,9.27314957156186,155.9037067177625,2018-01-20
4.131230102595414,9.298336424713451,132.2590112231798,2022-02-02
4.131930763504332,9.227070746734634,66.59396630325756,2012-12-18
4.153606465268342,9.23349052793854,108.14963107080119,2013-12-05
4.121985586566027,9.289048801455584,186.15586134957405,2020-08-10
4.133377440347355,9.290287520293171,18.51918543690515,2012-12-04
4.135531039765194,9.231052044409235,205.1585672168011,2013-06-18
4.1563393164145905,9.279407091960676,205.2599874536674,2017-03-23
4.173113534202683,9.236101538672571,2.4574275390416123,2020-12-26
4.1480363041870785,9.287419864016844,82.36291865293185,2015-02-01
4.168141603531195,9.262553174474318,177.90699857754765,2017-08-02
4.14179098618584,9.244692187974085,193.03807649420267,2023-11-13
4.132746193967128,9.236588114892228,131.75188766266461,2023-03-04
4.123364954414289,9.235922560275936,278.7594720106667,2014-07-11
4.137418863371624,9.26721052440543,292.4802459698257,2019-11-21
4.175015123613368,9.224095284369575,137.98112647700773,2021-02-02
4.165183626247456,9.268646618005246,98.76762818508791,2021-04-13
4.138807667236357,9.216567669499472,215.88340273870838,2019-08-13
4.137286059937834,9.261410554263508,175.4451066906274,2021-08-30
4.16548912014334,9.23970574009728,209.33342660086038,2019-03-11
4.133891090903728,9.280998606484573,227.00426466836745,2020-12-12
4.166700420297508,9.264100963075217,247.13316421987275,2014-06-23
4.1296905644226936,9.275663844640233,88.73509340841736,2018-06-01
4.150959284224118,9.2454936558224,232.8194905359159,2016-07-30
4.173314258370291,9.238218144980584,256.8442659975005,2015-01-12
4.157934912043311,9.256730857062516,53.47596231223517,2013-09-18
4.167302452623472,9.297603041934488,71.83848407674952,2021-02-26
4.125630119526057,9.264181075521954,68.73185942618858,2020-02-03
4.14919598041466,9.223339437388029,50.139110105220844,2011-09-23
4.156437489759588,9.265246853595144,230.51983923388119,2021-02-01
4.149230272989401,9.268585303923189,177.3162632801184,2021-03-26
4.126380892540402,9.261935261872027,89.43081298011494,2016-05-01
4.172704968087096,9.25067040685963,124.65495592769669,2019-05-07
4.154784278056556,9.262517194060228,248.19938099873636,2011-04-06
4.174344799400832,9.245847607731935,250.3762313015642,2016-09-13
4.158634200554952,9.23695524851625,12.603499971150411,2010-05-17
4.161274106851278,9.246021148219251,246.9177258205539,2016-10-08
4.121420260048752,9.255853493744594,256.5922342875823,2022-06-28
4.148579694048252,9.232071677039977,58.24729550033862,2013-12-06
4.172833880229595,9.264682193378546,52.9237188144266,2014-10-04
4.135734799820817,9.239253211787828,37.09892337634285,2022-02-17
4.158858182637816,9.255828453181715,210.49129346284056,2018-04-04
4.160730113618241,9.255586960569069,282.97006938585815,2010-08-24
4.14192029423821,9.244715585939435,278.63679475198603,2011-07-08
4.140153029318283,9.22891866209089,104.94475563292812,2011-07-30
4.1434244683062165,9.269528207876835,292.1535044277278,2022-08-01
4.143804073169025,9.263838168937887,219.56102304558812,2019-11-01
4.157298771630683,9.285207296336438,276.58737495874175,2011-10-10
4.134583207729454,9.267297730719825,146.52767595346847,2015-06-15
4.154469678767589,9.288188201041836,152.52060816160494,2012-08-24
4.1748415112675445,9.28930382078072,107.95663601461331,2024-10-10
4.138919545611248,9.289018643408825,173.9398377474399,2021-05-04
4.1652614679599935,9.254306480624349,282.37536020361483,2024-06-14
4.135755470845776,9.26330176661771,262.3325875374682,2023-10-17
4.162018975224049,9.258388114021836,25.823485841391324,2018-07-09
4.140143324506545,9.259922835997692,109.41607827351808,2018-11-22
4.140726944031624,9.21664362154546,26.67519842222974,2021-10-20
4.135623905122616,9.275702499000376,295.8367599932882,2013-07-05
4.128141036542331,9.224574439883511,251.7262885244812,2016-12-14
4.173104440003324,9.24127614955324,278.0644116965582,2020-02-18
4.151307386972632,9.284355567100798,141.02079379732123,2024-03-11
4.149524400334252,9.235814148774978,104.46695007127288,2013-04-19
4.174992189280715,9.290398867966653,54.70078247165374,2019-01-22
4.158843009974807,9.254737420849622,24.288642163100604,2015-09-01
4.168594455070034,9.299713255137393,1.8604206908946153,2024-02-08
4.174056261664311,9.267921438238645,140.61358950056925,2015-11-17
4.127031534109666,9.256930538697334,88.65309593936956,2019-03-05
4.1454939011975895,9.247191811808143,204.80917674022464,2013-09-21
4.170126036858858,9.275568946186352,31.156552379815196,2022-04-20
4.163373979061433,9.260765005478934,221.4955592077453,2020-05-10
4.1275282410022776,9.230488405785566,145.59777263626896,2021-05-04
4.131323978693968,9.239206405492832,167.79057579010308,2010-01-02
4.135579533182164,9.231945316849327,224.64796207442623,2019-12-21
4.128027446486162,9.273205096985844,144.6103714686424,2012-01-26
4.163799054622722,9.237866482767195,249.49420776384773,2019-05-05
4.127404590441898,9.230702779921033,236.59728193788163,2018-09-16
4.138232344040477,9.253580449739188,164.86027642235504,2018-08-27
4.1700118426030235,9.280728868306499,152.6644160898992,2013-07-19
4.152907910686414,9.237017984411862,54.12952478080274,2017-12-08
4.134264898422492,9.228085380524641,75.93554905683939,2021-02-25
4.130718619005536,9.260349937461672,236.04530326906024,2020-10-10
4.126290057525626,9.242229792448555,237.75848192739673,2021-05-14
4.167741144516432,9.227643822163568,138.91290819838906,2023-07-02
4.1478164230295596,9.229675336421332,217.95077134626482,2016-08-01
4.132600986614681,9.27430168843034,252.9415028551624,2015-03-17
4.130746890522112,9.250513591881317,175.10459673505912,2014-04-16
4.142727560047744,9.2848649835222,218.7585640531179,2011-07-14
4.154827288265118,9.258509450191823,57.11223440656378,2016-04-01
4.128262419692753,9.292683906643456,194.11545989481573,2016-01-21
4.141255669955455,9.241739590964478,0.017291154628051864,2018-07-04
4.125021156077448,9.231578252648896,208.8431483146063,2024-05-05
4.130121295589015,9.215732742543763,101.73416477013359,2016-12-16
4.144946622433762,9.230026496869673,9.677561849858252,2023-10-08
4.147664812419311,9.219781341763673,8.852567199767325,2019-05-05
4.151832810745774,9.216590274838515,80.28498476003443,2020-01-04
4.145070358219498,9.233334038814212,102.58140298298528,2023-12-07
4.125804579538988,9.218298426291428,93.82081081409339,2022-07-22
4.158361545594155,9.261751507051178,204.69178060129286,2019-09-30
4.128180037620296,9.227077506160253,143.978124711215,2018-11-22
4.145944151103296,9.289060782938808,172.05953002793248,2011-02-25
4.135576701501951,9.236172757942171,92.65936764575842,2024-03-19
4.130783206745565,9.264370450549624,183.39352012591667,2021-09-12
4.137821316655139,9.21440968750343,251.43467261235674,2012-01-18
4.1706459943365815,9.277910461655472,104.97000533518386,2019-12-15
4.163275475998119,9.268841453944747,1.6278499874463614,2015-08-13
4.158096160964981,9.253191339151288,20.088615936088438,2022-11-15
4.167041805169877,9.214454001715794,89.87867250212696,2024-11-11
4.167725098031055,9.23272014513375,64.96913056742135,2012-03-20
4.123640152964159,9.299983662069717,114.34380743502406,2010-07-16
4.1338236925157705,9.225350999356472,77.71653609746906,2018-08-22
4.128612411416929,9.224445795163334,62.90182914212606,2014-06-09
4.146686382474743,9.227062095603971,88.53630032852176,2022-08-13
4.128981429620841,9.275124037783087,112.94879874616275,2021-12-29
4.150289982662668,9.292473537721024,85.19317528846354,2012-03-16
4.138182698437306,9.236949150831304,180.17227919725778,2024-10-24
4.1537482623232265,9.28016369340453,246.80609622054996,2012-04-08
4.1327043520009115,9.277128275333414,21.76903555408637,2023-08-14
4.169820183258839,9.287857869475328,127.63167866450283,2023-03-18
4.157840926329927,9.265545272735473,54.26324487594799,2020-06-26
4.161419553762395,9.227271437008968,295.12112961317035,2014-07-29
4.133371889534515,9.29909753581426,262.8656095664484,2018-10-02
4.145340362076961,9.284594337124338,259.3590484849331,2014-06-30
4.162938793787892,9.274025597194154,219.31490222229382,2021-04-14
4.172810802347915,9.284827913364083,99.63523863537924,2020-10-30
4.124623720400445,9.253729219799595,181.68996504346222,2021-09-03
4.161868352277748,9.249529311980481,157.02934343624204,2018-07-25
4.137415755180709,9.231642772320154,120.78951975396764,2024-10-12
4.163702648455444,9.281401857040494,297.92269337755687,2010-01-19
4.171499804837954,9.284385084301043,12.687915213969392,2014-04-24
4.167619760927346,9.270130623337913,47.80996040021931,2013-12-29
4.1436925040112484,9.285179787904196,21.04172943011856,2015-11-01
4.1637589542516,9.269409845969163,118.79370687893008,2015-01-19
4.141164102248205,9.280222773240997,148.8196615401223,2011-10-29
4.1615162741051,9.26459919589379,195.83454343861385,2018-01-09
4.1542275806311455,9.281018690539975,136.5208889216794,2015-01-17
4.145498565406279,9.22135880780988,120.54207609234771,2017-05-17
4.146914531721063,9.232479999902145,119.52910965056334,2019-04-21
4.159676271594412,9.255765229567475,65.28432794793368,2010-08-09
4.13547882170835,9.279999633995162,170.0567473986394,2019-08-01
4.15761023459241,9.273286288895,87.21962396054185,2012-11-30
4.147214696294951,9.216084323916357,139.987800865854,2020-04-16
4.134984960792094,9.27221588906954,137.57071790512413,2012-10-10
4.164940766358863,9.241923508755372,1.8627285384979042,2014-04-24
4.170678681917074,9.288622611456434,2.749347284516268,2017-03-05
4.135907740427327,9.29070239209019,81.51461823769644,2012-08-19
4.149602460773821,9.28756687132506,191.02980241493324,2017-08-18
4.152184685071407,9.228408990264697,33.088604165283506,2010-12-24
4.13221233029268,9.287861849130103,88.20451018112472,2010-11-06
4.142503300221506,9.289424839278418,130.0167213886747,2022-03-26
4.1666159354507615,9.279326906861296,83.831339520768,2017-08-08
4.123868969517842,9.217322404502328,173.98715905851202,2010-02-05
4.156964365341758,9.235348049387483,1.743659896028349,2019-03-03
4.1705635600442825,9.234889254146946,15.577553961378266,2019-02-11
4.16262493081601,9.261357791274408,131.88341909859582,2012-10-07
4.142057940455914,9.254727968778983,271.78642736109794,2024-04-10
4.122127226346843,9.280239092423164,226.03259616344505,2011-12-11
4.125685222821735,9.268274282280512,179.2127150686007,2023-12-13
4.158333913079201,9.293301807007676,175.23252027742421,2021-11-19
4.136445729696058,9.26891783164841,202.1478222837608,2023-10-14
4.148132090945532,9.256179443254359,103.86852728677817,2010-10-27
4.1368006099877,9.277534597162584,201.3865398904429,2015-09-30
4.153369382847861,9.25680146602962,122.15785977669363,2011-10-18
4.138310558035846,9.265203611921274,133.09950341662363,2017-01-14
4.1529351742247105,9.221737334412143,86.50942953109342,2024-04-11
4.1598906561878,9.255134234818874,100.60054159915826,2018-05-21
4.167272326364983,9.272749460542254,42.89172276731518,2015-01-19
4.140026343621856,9.21840480745431,36.381692068780545,2018-06-09
4.151467898869756,9.233536016167578,130.74518204619574,2019-12-06
4.154725662787634,9.255554516192495,19.084769240850807,2010-10-29
4.127351436641912,9.256088156055739,89.0426203054536,2021-12-20
4.125218807720527,9.294296101069373,95.21166713581101,2010-05-20
4.124373883566856,9.238928430357921,141.35408879564648,2023-07-05
4.1234194318252815,9.244755536752528,291.4264619337487,2018-03-22
4.147976206305225,9.22348275425445,92.42873220829722,2015-12-27
4.168426241990398,9.279493029705227,78.17311869722252,2014-08-23
4.1536712500372,9.285894900974617,253.06283353124775,2013-06-24
4.121394722835307,9.244662292992617,148.59383144793307,2021-01-31
4.1472839243626325,9.255454385186075,38.64352620438133,2015-10-31
4.147324265019899,9.242364668575583,105.24159342860845,2012-03-30
4.153690939174226,9.252689346665376,81.05849028126937,2018-10-12
4.16049683098076,9.266110993339174,26.127190141524792,2012-01-15
4.122227201184286,9.24993632948608,239.69476102888112,2021-05-21
4.15007839693692,9.241817074849031,157.53926166416983,2012-12-18
4.1406240541290265,9.289882221286623,89.40150977702694,2018-02-06
4.137823822827846,9.235636581125847,252.14099324666802,2013-10-13
4.1688849128238346,9.263647868796252,251.1481867901088,2012-02-15
4.153808517752269,9.290763713173384,143.21930598137064,2015-07-30
4.123086917523476,9.222627734557527,295.199420373436,2014-05-28
4.129846457217911,9.280502667172957,95.09423615505136,2022-11-07
4.171181187275501,9.247720751881493,53.76374037422459,2024-04-22
4.1623152318812515,9.232600910616531,188.01927335987753,2022-09-16
4.145120581745345,9.245844301988193,49.59985255171988,2012-09-16
4.161413440707664,9.235148671718388,101.82645230508884,2016-08-26
4.123355403742951,9.272652385141447,72.14022865010656,2023-03-25
4.145487184503367,9.231117848030422,275.63763828473725,2017-03-31
4.158170730244426,9.218378618948721,295.1705145632253,2012-02-18
4.137897653594387,9.236939108548189,291.62294335949696,2010-09-16
4.1712392597798065,9.29742709930072,142.97929139640797,2013-03-23
4.130061672494329,9.249401398312664,67.06195019000896,2010-06-15
4.174329159194809,9.254176481606796,123.80997717772125,2016-07-26
4.124834450216789,9.221080231504308,170.9260598748552,2019-07-19
4.162212653140119,9.233919193761054,16.066933311975806,2023-07-06
4.171774768028673,9.25976016009286,208.7367250932458,2019-12-11
4.124908594650309,9.286805058185248,212.29501344918273,2010-02-04
4.1596731158353055,9.217794887754714,201.68044758251307,2016-04-26
4.137366617683024,9.27360268467205,284.96519844820597,2015-07-03
4.1332520996889235,9.24078706078249,98.94879567132232,2021-04-06
4.168422075038256,9.276205104639237,73.31640343089069,2018-04-25
4.150691912645515,9.275470042183864,14.875898456841286,2015-09-16
4.130259124362098,9.252312355926447,98.02075867354878,2014-03-03
4.139260043907869,9.251821990999588,224.97563644019573,2016-08-25
4.140249723195554,9.219644075399797,278.1090191096916,2014-08-23
4.1327179234836375,9.267756902923127,214.40473897361886,2017-12-22
4.168092338283967,9.27718150229804,209.78487747375965,2010-10-16
4.1499672320839185,9.250274715097706,254.8115122319605,2020-03-09
4.1659275290977105,9.238438110162937,257.07639742909066,2023-01-26
4.134637288602221,9.259144813479411,16.314638338636613,2023-10-27
4.164059798465704,9.241566311548176,264.1216457120757,2017-05-14
4.161229687300068,9.226456232087694,61.67126077460872,2010-11-19
4.175259492275105,9.275147656247166,274.59431300261394,2014-12-12
4.1455923579091865,9.278410728675759,222.39306505349214,2022-03-28
4.148864592077626,9.247476853820142,230.80818844464764,2011-10-14
4.142182542189778,9.257076819272392,272.12353560343064,2015-05-17
4.169061027377751,9.220165803088838,265.8665105559701,2021-05-11
4.1364586352072745,9.245706508284744,141.2725663666844,2019-07-29
4.130394068287655,9.28646356488035,182.90400978351366,2017-07-22
4.144149639855244,9.285347900999598,133.3460439316414,2022-04-26
4.144747383328014,9.221990055634173,59.03779168160182,2016-06-25
4.140531018181462,9.238250676550063,69.69589329086533,2014-08-31
4.130342829885173,9.278396529320847,227.1867336929595,2010-04-13
4.125516249869712,9.228359556749062,246.98980757206542,2015-05-21
4.172524967007911,9.281024115952182,243.49745505387753,2022-01-09
4.148775886229057,9.29497124319425,27.1318028368282,2010-03-30
4.132122571213083,9.27635865989244,198.5148646232943,2015-07-23
4.140910502045611,9.29378992637378,125.96754898094663,2023-03-10
4.128444398456082,9.29981301933359,6.943183157562338,2019-03-25
4.14776838920617,9.25272497688311,15.508502279250502,2022-07-24
4.165802800600774,9.259283094067596,159.6748675338282,2021-11-13
4.158876862241399,9.252449836319544,58.81846708062641,2020-02-09
4.158108795004585,9.215841443536178,295.718960428858,2015-02-04
4.159697286411039,9.282475086244995,138.1897553312919,2024-05-07
4.123835394380173,9.258863060906991,268.5465496227605,2011-07-27
4.137349141078629,9.230464020142543,75.27686659158287,2022-10-22
4.133710748048144,9.239515987014629,129.15771893290625,2012-08-21
4.141404670604931,9.265424153996895,67.90132865220563,2019-09-30
4.173138747734172,9.220282454719259,174.1173910045247,2024-04-01
4.1645764056546195,9.243631093344067,299.2209003733558,2011-12-15
4.123316675886629,9.29783164831444,39.88970725262783,2023-04-24
4.141286525446417,9.26900200267098,69.9414098365444,2024-02-17
4.137201329045992,9.223184687489281,272.84246444945876,2010-11-10
4.166679750101057,9.224437408242839,236.25121942905847,2020-10-24
4.144705210549038,9.238589326944714,44.93194722799383,2018-05-19
4.134030070346861,9.218454251330403,33.64713693882645,2013-06-06
4.160955572936465,9.2457819631256,166.86759408867553,2018-08-23
4.169511581016654,9.251723392193874,30.064501146805934,2024-02-07
4.146111543353028,9.28615236831925,121.34287522028342,2011-07-16
4.144578917953031,9.214221869290128,288.9494300240665,2015-07-02
4.1673861403948935,9.216062160174548,258.8903701963514,2020-04-27
4.123128708629655,9.284230899689845,252.2435204428546,2022-11-22
4.129304110888261,9.23528343968951,33.35118266305691,2010-07-09
4.170982047167659,9.21943216768591,16.877193338077202,2019-10-13
4.146560847810306,9.281430562676178,147.14974161685888,2020-10-04
4.1656149048979225,9.226962591304675,257.1389757202769,2012-08-25
4.13011326679588,9.215387965881899,281.6074759933617,2020-02-19
4.126919641302469,9.255749039525794,190.65954127760398,2013-02-03
4.157050527562579,9.257574050179375,144.67730782908902,2012-12-05
4.148205340132047,9.249319953281994,151.5788651996619,2024-02-24
4.134902953590135,9.254165929626009,207.04216161809688,2023-09-15
4.175356891061446,9.27075767427983,126.40836812414035,2011-10-02
4.169862755478626,9.275796709848594,262.2645211661269,2014-03-29
4.136310398776512,9.251876137172975,254.358240435062,2021-09-25
4.169212077617197,9.270120985566958,102.2071233238173,2020-09-13
4.156062336553545,9.225258216054756,136.77633943087807,2015-07-16
4.175156360755972,9.26260742382172,57.2374086619319,2011-01-21
4.1296747385751065,9.27358447164319,7.412201053920608,2019-08-13
4.167016016297315,9.283799290182023,176.72600726749556,2024-06-20
4.170807122308039,9.294034061790834,123.55647276898914,2017-06-20
4.168246672386262,9.285260437805851,63.48331019107758,2017-06-27
4.136366954974649,9.223137463704104,46.20138882052286,2010-05-17
4.17468340862608,9.226510884850137,63.5276556857534,2016-08-03
4.122872473059596,9.257391242334434,154.3918090904328,2011-07-12
4.159530166243526,9.228744996758687,139.20581429183446,2012-11-11
4.15129340373677,9.253313747908818,35.53937307879803,2011-11-23
4.153167580526573,9.217972072749806,119.85763072017428,2020-05-14
4.17027937080044,9.286661483526839,121.92493128170494,2019-01-03
4.1316403605086185,9.279899515354881,229.11557327971957,2016-04-06
4.135678671535767,9.25690041797815,295.09704589698725,2018-03-27
4.160995609991718,9.244201490357113,150.23656935944075,2013-11-16
4.175312470144618,9.275673855245753,23.666359071215027,2020-11-18
4.151300547182998,9.223510440427717,161.87885724587514,2023-07-09
4.127341068845949,9.284678770356829,242.44400823526055,2013-09-02
4.1495376470289225,9.225153947025252,33.92110873945471,2017-09-10
4.158099534275401,9.238050268477144,102.47074830062117,2020-01-16
4.123360102864839,9.297438132437106,48.199127414554454,2010-03-17
4.164590732632493,9.226902921835736,148.98674855398104,2015-07-16
4.153172877942552,9.281902469390243,288.591083134061,2010-06-18
4.1342443790123085,9.249674122381368,98.06970730740822,2019-09-08
4.153422788329306,9.215741390974632,179.07088460538378,2012-11-05
4.138708223156185,9.242933343858295,145.89839668601542,2017-07-03
4.12693910667347,9.230636814401324,185.43759952063047,2019-10-08
4.16912352435157,9.294068751814391,127.49176482000252,2012-01-14
4.128623249363902,9.251396075276531,171.18825636540328,2014-08-28
4.138004526351629,9.235185409487293,219.5844794844488,2017-07-22
4.141346344778402,9.235091150486301,34.35531650291945,2015-09-23
4.175517886360732,9.272938485947224,272.57760452460343,2024-10-01
4.174666597321422,9.29203540614961,209.58499046747076,2015-08-07
4.13758124887704,9.280732614330386,249.34984602685086,2011-04-23
4.13752683146903,9.242104933744468,237.93349938860817,2015-06-19
4.128560755653374,9.271756518877064,35.01323325820774,2021-07-09
4.1263973147912765,9.285131463029069,238.80409840134354,2021-10-04
4.171225644606224,9.23713086666399,190.58707499661216,2010-02-03
4.155576930595646,9.240089612275389,128.34195276238432,2014-08-09
4.160076523262618,9.27489955737409,249.09388605967476,2014-05-02
4.169324762331173,9.288828514521406,223.47559778713625,2014-07-23
4.173436698424496,9.288063678203477,4.132731046187077,2023-10-11
4.156664464263168,9.290056465582865,73.7928387245872,2017-07-29
4.127849237344136,9.268183216748454,85.54950439636355,2010-07-21
4.133284932435913,9.216586843272518,117.40624563023066,2013-03-08
4.160414384701684,9.257203791230637,234.9225759345203,2011-05-07
4.138051245213521,9.223003865546309,58.49857347389058,2022-11-14
4.159845022754962,9.278711872332591,212.1486365706893,2023-09-26
4.160030437515901,9.26382533784616,47.927217669870956,2012-05-19
4.175378724920246,9.286274692581328,40.3331353526379,2017-12-19
4.1694470856029575,9.215348801122623,111.52646522875153,2023-11-13
4.172720325474193,9.238087436888407,9.85590166626623,2013-08-04
4.1447121568160545,9.288600605829089,136.34387147331486,2024-07-19
4.1450261290264825,9.278759013333238,215.8102064705735,2021-05-30
4.142868594791381,9.214610545802858,44.41881459503255,2016-01-28
4.138068083143637,9.222490772198991,0.48090435726139136,2012-08-19
4.1257706743286136,9.24620553403395,154.3837502845936,2015-12-04
4.160866581197026,9.243006237426656,288.7441102775339,2023-02-20
4.161300400757755,9.255195441519891,195.2863015329417,2024-02-21
4.1596413887627985,9.295456149363996,177.74599046891606,2020-07-21
4.14216657205067,9.233051002089308,58.690466335919176,2011-10-15
4.157919268470207,9.251833648909214,141.35917226208585,2011-08-23
4.132762749528896,9.246182004201946,124.90314585559285,2010-10-28
4.135824828208595,9.256372298588568,24.887000267611604,2022-01-09
4.168789108020451,9.260013576776315,20.59175487798779,2018-08-29
4.131530652111001,9.22421811628539,277.60799851247316,2015-08-03
4.148216927012555,9.238754323779242,269.5585552857655,2014-07-22
4.139838658463782,9.279320822195055,99.71714017887999,2020-01-30
4.151227532406438,9.219505348832532,242.10110870293363,2019-07-23
4.153084714256762,9.234552337932765,231.31608758429815,2020-04-23
4.130615166839499,9.278205504815142,60.861939921601085,2019-11-15
4.165645796987219,9.221641592418573,104.71395311450503,2017-06-01
4.170351223942963,9.292747836090426,227.04808711604082,2022-10-07
4.152931465097807,9.252587053526451,224.71383148816548,2016-02-23
4.160350795815607,9.241253074754754,194.08001778033506,2015-02-21
4.153474887369265,9.222381264017777,69.18834089602541,2010-08-23
4.147588910222578,9.229920678606385,165.99434169307756,2013-09-06
4.172350687960524,9.218102368831055,197.8664445056394,2020-10-04
4.134690783026418,9.241439347915083,120.99727755503326,2019-03-06
4.156272519143385,9.242650940835913,23.035296568122455,2016-02-08
4.1227631740967094,9.227454304530704,267.7826902491613,2017-02-13
4.175941888194445,9.249749913144234,120.48536473267518,2013-03-08
4.140921051971573,9.22599145581577,96.62960648889515,2011-03-15
4.148458438036905,9.242592286641285,57.2724868171036,2013-02-12
4.171790967321051,9.24580333048821,47.81439395545475,2019-04-22
4.142087641327595,9.229469793070603,240.41364113148563,2020-02-13
4.154126527892026,9.261096694426127,71.46416456156818,2013-06-19
4.1564019985996605,9.26906523117783,148.87167991800925,2022-11-10
4.160796169581595,9.29030289808085,55.78336323690839,2018-12-19
4.152399043959075,9.246283087852143,207.10658121833592,2013-05-22
4.164700319792035,9.264919822301794,227.90337764659233,2024-10-01
4.160302195509269,9.28968766217196,113.73534165667485,2018-08-16
4.174805572938615,9.234569329192558,232.02530460847447,2012-05-13
4.142090626596911,9.293928536505359,253.19725670698008,2014-06-29
4.161378207309867,9.290624873084884,201.83815792164577,2021-05-11
4.122734836796661,9.291024688610586,239.02333681856624,2018-01-18
4.142510523072882,9.263980364526592,263.80348119650864,2011-05-23
4.1685769885108686,9.288441142108296,30.369718370569643,2016-10-10
4.167330212730921,9.230302606970683,196.64692743942672,2010-03-08
4.1235867099111845,9.277547363816192,97.36686022646157,2018-11-04
4.140129503422201,9.275176548016555,111.15550813336456,2016-05-03
4.135568177590075,9.274100473425435,248.46922080541802,2015-03-26
4.160383836559819,9.284814574451865,103.93038014020325,2021-06-21
4.174259687546866,9.293646533529612,222.79087875877542,2024-07-27
4.122178739550646,9.265234393131067,209.7054372025027,2011-02-21
4.145145636197438,9.240788215971296,285.3544014213208,2013-11-30
4.137117520659801,9.29731179416162,31.646306531417267,2024-11-20
4.153318291549064,9.218661151331784,14.183134584735512,2021-03-17
4.147893313176767,9.298901231880649,218.55943294433362,2013-11-10
4.1319037355582315,9.228127089246254,19.052040404728743,2018-07-24
4.167595098738019,9.272673361852657,144.55030477853643,2011-10-07
4.152163628102201,9.297858099108238,10.823292535095508,2017-03-29
4.170443582942328,9.244365429486246,51.45149762396011,2020-08-02
4.144363882475922,9.268197473814457,119.45964109950104,2014-06-28
4.129624661548103,9.296706422261199,225.56138099869986,2013-08-27
4.160599041699009,9.278118994756378,188.24916333312393,2019-02-09
4.129197367705648,9.262519938581493,117.26125815886463,2018-08-08
4.169361580010563,9.243488271244045,56.33838465405289,2011-05-26
4.168165913869795,9.214448523436985,143.56765532088608,2018-10-06
4.134899201898006,9.292183235188755,255.55787685878968,2019-12-16
4.16787618349525,9.272855115678402,211.98362702384497,2022-06-23
4.133763915707376,9.282079437974824,120.53840516229681,2012-05-24
4.165836044413017,9.289227366334673,54.84531084360451,2022-11-06
4.1534796116348325,9.253603868347207,89.10345853322096,2024-01-28
4.1525397799245285,9.286140225069946,20.889904622649148,2019-04-09
4.164747128885708,9.295315831383537,295.23334413014607,2024-05-25
4.160287939304403,9.284338419726648,67.74622594264011,2016-11-26
4.1682548592977655,9.22249296139662,86.24728848351478,2018-03-08
4.145806001176317,9.272763895040367,210.14229688974638,2011-11-11
4.146208200251441,9.277319526542922,23.682885076805082,2011-10-12
4.153748164421798,9.215625571492124,266.45823510578384,2019-08-11
4.1751739646529415,9.243546100748986,193.93798024902114,2010-11-23
4.168148939831742,9.289876900251867,177.73985419471992,2023-01-31
4.134837918819059,9.284368558952067,1.0795504515895837,2023-07-11
4.15139635156218,9.231410658658945,47.80065333663595,2013-08-19
4.170458235824753,9.239835670872823,105.02929161955959,2019-05-21
4.173477155603847,9.217570637634301,23.23252752772139,2020-05-09
4.161845334082622,9.22925505398109,202.2263499787333,2010-04-15
4.143138599066957,9.239829707800084,150.97565357217886,2019-12-09
4.171954703481968,9.222829567345242,105.24254611201039,2013-08-07
4.172926737375935,9.2963486519928,241.39915513689934,2010-07-18
4.169839915078834,9.283075250962096,134.52310255776814,2012-05-23
4.1558543307461715,9.215345633356284,154.29308259464906,2011-11-05
4.1403066580024745,9.247888406122849,24.328548553684147,2023-11-11
4.1682682379069345,9.283713354556388,272.2338873078787,2024-04-01
4.121528883251546,9.286511082432048,55.64195789086547,2015-03-06
4.133180717560915,9.259213198692786,183.13642613673858,2019-02-18
4.143352993684644,9.261234019160527,122.78827930805623,2022-03-26
4.175279791859801,9.240214462299448,66.06536740940875,2021-11-29
4.141688516077807,9.296710488149028,17.81238147479307,2018-08-07
4.14563363622008,9.279292530816212,183.89565046107248,2020-12-13
4.146896891931088,9.289126431935493,187.9072471792529,2012-08-20
4.147756798103034,9.287867434413606,274.6912868831715,2022-07-16
4.158954473858091,9.29086936777005,15.576822963748437,2018-02-07
4.163898824875351,9.21442086270343,259.17905184217403,2017-02-26
4.141621614269289,9.230626838184923,258.0247943224471,2019-10-14
4.12719338061556,9.258773905148146,221.1993663908165,2023-01-22
4.134318717621642,9.256456796786091,56.702844970669766,2019-12-21
4.144754835962741,9.236435804693459,124.36472817117001,2015-08-03
4.132607867255182,9.247845710939316,64.66470084235854,2011-07-05
4.151384494918307,9.27671328572419,77.83872362384542,2019-12-24
4.126261657921419,9.281589095511142,162.67073318118892,2017-05-28
4.155564412417329,9.224930215008303,252.43063081020046,2012-10-14
4.126108634344466,9.225684459503624,298.0464303683007,2016-12-13
4.148204586332672,9.291498945985909,134.75698024863246,2017-11-08
4.140267038093932,9.258230789758636,30.87136203331816,2019-03-30
4.1232440818777425,9.219097521909092,266.6415961542781,2015-04-29
4.141496741025531,9.264827635946954,209.45672829352827,2015-11-21
4.170113748395644,9.297402157002162,232.2927301401896,2015-07-07
4.122826415393719,9.236540378466287,189.93651222820418,2024-07-15
4.151941606586572,9.246807409784676,211.67264645492614,2016-09-24
4.140261646982459,9.283950160664668,137.29347820764036,2020-05-30
4.14342263537215,9.265429171089506,160.58238648264776,2011-09-13
4.131584238242136,9.242691875505145,210.10023368885547,2011-04-01
4.168529191264339,9.264499185088239,65.94696566175656,2019-06-25
4.1483118078095975,9.232733363593296,182.17033847526218,2020-12-28
4.158244808758589,9.222961772091619,238.74142933944879,2024-01-30
4.130268494066722,9.289020975979723,110.18885234187859,2017-06-17
4.174599485552138,9.248196055602149,196.13504327309428,2014-03-31
4.1597675172612725,9.268950788042558,21.24988820650686,2016-10-21
4.159678424532092,9.242852709197615,199.17462691269031,2023-09-05
4.154993493679186,9.222149704650104,115.98907528557072,2019-06-07
4.143290815008791,9.283539266110079,189.50868953267482,2016-02-22
4.173647579111417,9.274954546752765,111.45732884319284,2020-03-31
4.175393204297534,9.239649722100701,212.44622802657094,2015-01-03
4.164304808261886,9.269348176576658,16.078339085547523,2023-07-04
4.148014766143894,9.297795712095851,82.00306766210387,2024-03-31
4.131295299711365,9.23905990516533,125.65298309105992,2015-09-25
4.154738733578972,9.278913018293489,4.0104440958778635,2016-10-11
4.126548438845417,9.297779016853308,250.02198222771253,2023-11-23
4.132343809236319,9.26181577036301,290.7061607455638,2017-08-24
4.121512143898432,9.274743411623923,102.05179646140598,2013-09-05
4.1248958650719345,9.261610609709036,68.2117864060232,2023-05-11
4.159357283395915,9.228271389907862,159.41639822535078,2017-10-11
4.169138664813908,9.271799822781892,72.09404808107797,2013-01-11
4.137632255604371,9.224421078056034,138.67142723570487,2016-07-04
4.128928623177129,9.29083275160934,256.7186387835349,2017-08-01
4.151911253340975,9.227925012780787,56.53244111323179,2024-08-05
4.160723787976735,9.26720894068813,151.0019222390389,2017-04-18
4.144243168766713,9.214159414195715,34.48431597822551,2013-08-10
4.14488686733506,9.296230792958148,89.19367739793464,2023-04-11
4.154291164301341,9.253511903081034,17.950194308097302,2016-11-06
4.160302691389438,9.274120761709298,298.78158171634067,2019-06-26
4.13706416973442,9.215965799258555,154.026052706363,2022-09-05
4.13467179502356,9.224525175436936,233.18417871137763,2015-04-07
4.1450213682460095,9.246582342296845,58.215448835849934,2020-08-12
4.129719347067838,9.282447957633252,133.85772296008443,2017-08-15
4.1259383950760204,9.28545840313637,55.38484407061009,2013-05-26
4.131314474617136,9.221395689514269,176.1276141768542,2010-02-21
4.141833913588847,9.279743529711617,296.43353593698305,2017-07-15
4.168432077072665,9.2851478477004,229.85596576586812,2015-06-12
4.130825529460867,9.25788583201533,155.8933968598372,2013-10-20
4.12877363552,9.289013597867044,228.30014616611507,2010-06-19
4.156775350324272,9.247755159453387,21.5728167880469,2023-03-06
4.16912026107864,9.296281272728711,34.1987879178262,2020-06-15
4.159824212385717,9.29360791739949,274.22707240314475,2021-01-06
4.167925943843351,9.296835229199939,144.2241783947444,2017-08-17
4.135031724455424,9.299488054684778,23.964613940143277,2020-05-28
4.146048296219193,9.294908305848061,140.21149571234628,2011-02-24
4.173143728618128,9.274140879276771,169.4264379954596,2020-07-05
4.162924015501947,9.234815919868124,97.70238582916943,2022-04-28
4.15111053269599,9.293201194583874,209.808649763213,2011-06-15
4.175942573941513,9.276174403593377,162.59690191084695,2024-06-18
4.169667788173432,9.296496803113335,37.20878389673934,2023-11-15
4.1550757436384735,9.24688488563848,147.8132590562644,2013-06-22
4.140653461587648,9.290748162860444,123.3930917408861,2014-08-16
4.1559919955516165,9.247607181286197,231.4968256319307,2014-08-28
4.143449512532692,9.299153870729967,132.5967936665323,2013-05-09
4.129322233682982,9.297518418518775,268.61235434478203,2019-05-12
4.15111400940279,9.215569692265252,43.6327374148277,2017-10-09
4.126299789665062,9.285899906662662,102.50315794657318,2016-03-09
4.145872313616164,9.243693880451932,229.07018039189032,2013-01-30
4.1564085449934565,9.275142861868629,239.0070662215352,2022-08-14
4.12988451086677,9.27842029389344,9.409234802535805,2010-01-20
4.1744365620734625,9.289507063008475,102.5087454352727,2013-11-16
4.152239938421249,9.246558146217755,142.95887186243255,2017-07-01
4.164380241559937,9.235352705045408,114.95948678353427,2023-03-28
4.159759832177828,9.24447410080047,148.15129607890583,2010-06-20
4.1377592662828,9.292655266218704,229.23954918441547,2018-02-22
4.141834356801169,9.25651269898506,299.9656408231902,2012-11-20
4.1614644651597,9.220417285148432,228.92580616276942,2016-06-06
4.147761021830557,9.217548571241238,180.5912811269269,2016-05-31
4.164037256422651,9.223130725502417,45.70460586912303,2018-09-23
4.143467967663317,9.283219603598322,258.4905659495848,2017-06-30
4.140414530782978,9.238901826006224,160.37010743399122,2015-09-04
4.130352877211672,9.220173901116059,56.68315722717089,2015-12-08
4.139684068776352,9.2679770357218,175.89402242567468,2013-01-07
4.124384956283772,9.279797146105127,240.66759250252912,2020-07-02
4.1390874430897355,9.241932176185744,37.736347943835526,2011-11-11
4.121884941068855,9.254867951022598,234.5144244934805,2018-06-14
4.131079145751628,9.236504331961582,279.8734887251139,2019-05-02
4.166311521857683,9.295547391719628,89.66083860895412,2024-09-19
4.121780729145057,9.230861156799644,231.13590942477776,2016-06-13
4.172627857888678,9.25773560259752,97.97139200717014,2024-11-29
4.140296686017515,9.23292242244276,149.19310324704355,2020-08-19
4.168188350315304,9.264192678436395,215.005721369532,2010-01-07
4.127891911349291,9.285075497111931,84.80259574552528,2012-03-27
4.145817787353348,9.222417491771724,177.21979847621176,2024-11-26
4.143773438159741,9.262387031378486,110.64929825876895,2022-02-08
4.1554338713776815,9.253442180265807,231.1718216853228,2010-07-28
4.158741229748583,9.251031311763635,190.41917134620377,2024-02-09
4.129230254926995,9.21511463327933,80.10552948691256,2023-10-09
4.139155676683441,9.227516096512119,184.0061976305147,2018-05-08
4.162644323091132,9.276027156030333,235.12255553980592,2022-08-06
4.172894869172388,9.269328798064953,172.98665487584935,2010-12-19
4.1307971894150795,9.23263599972434,295.2226452219413,2022-07-12
4.125116681369174,9.237724771637804,43.118615240854766,2011-03-28
4.16466533600837,9.214669177278745,118.30717083684341,2024-01-01
4.15195449575498,9.235679646119726,206.04661610170632,2023-09-25
4.127383734105621,9.281997372773805,251.03527747825242,2011-05-26
4.150238501520977,9.242072111203298,254.04150365263445,2017-06-18
4.125427996103792,9.240147960157774,232.75174798996687,2021-05-30
4.142853656748173,9.234552500120682,295.9876529042701,2023-08-13
4.154677316425325,9.285367382646701,183.00344468592192,2013-02-07
4.147816948116495,9.244155252110401,247.07712951477663,2018-03-29
4.152705443642159,9.233042660377295,247.83303693623162,2014-01-24
4.1212504565116275,9.264585068360265,277.3870790577241,2010-06-23
4.147946759860614,9.214246660771721,95.05230581546898,2019-12-15
4.138961771056708,9.300197880775087,67.78961314757613,2016-06-26
4.171137089088662,9.217202909512647,17.44783198064703,2022-11-04
4.131699028454102,9.27170918461133,86.95176416925587,2018-12-31
4.160549202167005,9.285114910577935,20.950692151132166,2012-06-30
4.134505432358721,9.26630697269697,81.88136253839282,2020-03-15
4.129199765475298,9.285185055160813,95.22016600794542,2014-04-27
4.162641353976404,9.233246045385556,266.0954727726199,2015-12-05
4.137980480499204,9.280077606671927,20.388384462563593,2012-03-07
4.175093111214611,9.271299270843228,230.0202823450158,2022-10-21
4.125257382842355,9.296691513378299,132.00588433468457,2022-09-01
4.160310046997601,9.230993918788043,185.11820191957335,2013-08-16
4.163965679528581,9.252929142810407,28.670680543121364,2024-09-11
4.139214085029258,9.24830589123573,211.5477977379666,2022-08-01
4.173199640976103,9.25575057744588,106.58287113323048,2010-02-13
4.121995067109304,9.243905991732992,285.47504526933983,2012-09-03
4.1533746592545056,9.224807517703832,82.83112136599597,2010-04-05
4.121775442610517,9.243641564535686,192.2841222989733,2016-10-18
4.134240694584594,9.294103817880602,36.078030930036206,2017-04-17
4.168178452148699,9.276563587213234,145.26114827639287,2014-02-08
4.15570267075856,9.290154480177609,135.40054729670743,2018-10-04
4.144804405961792,9.216293010771107,40.65061923836157,2015-05-11
4.135645491733636,9.249166733900724,186.96206568164993,2011-02-12
4.1461400829794774,9.242274937904279,45.95998431677582,2011-08-01
4.1345546029076345,9.253958057684724,45.7076600213273,2011-09-17
4.1701681365743495,9.259689261416344,37.98237932164999,2019-07-12
4.140266680685575,9.25372668819846,75.31695009398169,2016-09-30
4.1419112380304455,9.218398915320186,157.50264756357674,2015-05-24
4.150281443673616,9.260634235134647,204.48024845505796,2023-10-03
4.1497188340488815,9.282664706690095,163.37437110115286,2018-04-22
4.123557707244711,9.263882064381393,241.29467157985377,2016-08-17
4.14839738746664,9.25748559706987,25.076444316476653,2012-01-07
4.12760613510602,9.29765547325042,31.298430452470104,2014-08-29
4.150513561435837,9.217625174231252,80.37763841415186,2013-06-12
4.136141135507726,9.25118384408789,139.98070940785664,2014-03-04
4.13461405498999,9.235470145968792,257.5842949101538,2016-04-01
4.1556202296184,9.299816732985747,209.20711335088592,2022-08-15
4.125697101510018,9.272373540136943,92.81510025624151,2015-12-08
4.1548679673867825,9.278500337314151,118.72869753193281,2011-07-15
4.144190435795646,9.296297918553465,81.83164343203524,2014-09-13
4.155696575531057,9.24423300414696,218.76334776894382,2016-07-19
4.1242849458714925,9.292333241530928,94.28693803728463,2021-06-07
4.124759009263907,9.272367983354275,178.06575867816912,2016-03-29
4.162342776596748,9.268336387319996,158.8536170358534,2023-07-04
4.127643035381235,9.282793332807028,112.90514935372268,2015-09-12
4.1609039145510405,9.248046914584455,225.96392859387467,2011-12-27
4.126442087252109,9.299891297626734,249.7567121048028,2019-03-10
4.1758274120104195,9.242483945378376,142.4802710604258,2013-11-04
4.166687922079658,9.258734689417162,280.57419894910095,2010-11-23
4.154878094451744,9.231365838689257,270.8749630752472,2020-11-12
4.121871369439849,9.215952426187334,219.5694982148171,2017-08-20
4.170620208040195,9.220884654578546,244.94129672773832,2017-11-06
4.17507687417217,9.21855995881957,277.1053121215115,2021-08-24
4.133414118881748,9.265906125494654,211.1156537531335,2014-06-03
4.143263243768896,9.221169939375887,29.492442277265607,2023-10-03
4.150360576508975,9.248487794391753,216.35035033584083,2011-03-22
4.150122680943274,9.295588253654905,201.6386449596573,2020-11-14
4.121548734303835,9.247219103787232,169.85833909771273,2011-08-01
4.159918449520254,9.231619613539024,167.76327484347928,2016-11-16
4.143529465236617,9.299054557566645,162.43523396069517,2019-12-03
4.1404091977806425,9.246467458719803,222.18765874510595,2017-11-04
4.151088014802072,9.27847431984962,286.6452810673874,2021-06-19
4.150616683788774,9.295670550251687,20.925791743787027,2014-12-02
4.1668028424641745,9.2170469411306,198.16761583546895,2023-08-12
4.166779959497462,9.26628316606984,162.26812567317256,2019-03-22
4.154270714680499,9.266095397288472,80.56629569752613,2012-01-05
4.144700452673959,9.236831111877619,274.78444907865116,2020-10-26
4.134440637626504,9.26487677306789,285.07844543467087,2011-02-07
4.152325277961449,9.260784918397542,44.331410045882535,2017-12-06
4.151814441771594,9.287859708222435,10.834820557894197,2015-01-07
4.152428153564548,9.239160265965277,185.34796238994235,2017-12-12
4.132054518601579,9.284050251609452,196.8752232044516,2023-12-26
4.129493553580298,9.259779277232337,259.5748802114664,2018-01-18
4.133115549017775,9.24032487501733,3.4977047711095,2011-08-20
4.155039864207018,9.227800944264288,93.80097794575613,2012-05-09
4.156033842855289,9.270666464054496,273.44666457271734,2010-10-01
4.169613770400731,9.262190157795649,74.44992257530511,2018-05-13
4.152712355721713,9.216430536952995,273.89455067346404,2022-10-29
4.172559036397704,9.222325951924118,108.00615825974961,2013-02-22
4.1746053985203195,9.229403219052609,121.02994090657677,2017-09-23
4.1759491134928535,9.28473361916933,156.69964700129384,2018-05-09
4.140168288805103,9.263046472411894,249.12576540271638,2012-10-05
4.169348801987629,9.275405321037459,11.372806939205615,2015-07-25
4.128126135331331,9.28129704490555,158.42235714958133,2011-10-31
4.176098059876494,9.29764068505207,19.336358509158767,2014-07-27
4.122143942123819,9.271159755252212,262.21571635998214,2023-11-18
4.13741543736638,9.26740612275934,18.01657725096575,2020-12-26
4.123831260425126,9.278527432458835,172.34344635073222,2023-07-23
4.142187424104214,9.284881136895052,259.7105893564208,2015-07-25
4.139229192439246,9.238444305683469,204.06646224218082,2014-05-31
4.16559665151061,9.293798077600291,127.22095720987598,2016-10-26
4.169969690260058,9.277228837854858,194.54876651417774,2019-08-11
4.13580369481113,9.246890518405557,152.01968426409312,2013-10-27
